Conventions,G,BADC-CSV,1,,,,,,,,,,,,,,,,,,
title,G,uk-daily-temperature-obs,,,,,,,,,,,,,,,,,,,
source,G,Met Office MIDAS database,,,,,,,,,,,,,,,,,,,
creator,G,Met Office,,,,,,,,,,,,,,,,,,,
activity,G,Met Office MIDAS Open: UK Land Surface Stations Data,,,,,,,,,,,,,,,,,,,
feature_type,G,point series,,,,,,,,,,,,,,,,,,,
collection_name,G,midas-open,,,,,,,,,,,,,,,,,,,
collection_version_number,G,dataset-version-202407,,,,,,,,,,,,,,,,,,,
history,G,Created 2024-07-24,,,,,,,,,,,,,,,,,,,
last_revised_date,G,24/07/2024,,,,,,,,,,,,,,,,,,,
observation_station,G,nottingham-watnall,,,,,,,,,,,,,,,,,,,
historic_county_name,G,nottinghamshire,,,,,,,,,,,,,,,,,,,
authority,G,Met Office,,,,,,,,,,,,,,,,,,,
midas_station_id,G,556,,,,,,,,,,,,,,,,,,,
location,G,53.006,-1.251,,,,,,,,,,,,,,,,,,
height,G,117,m,,,,,,,,,,,,,,,,,,
date_valid,G,01/01/2023 00:00,31/12/2023 23:59,,,,,,,,,,,,,,,,,,
midas_qc_version_number,G,1,,,,,,,,,,,,,,,,,,,
comments,G,The midas_qc_version_number indicates if the data are original received message (0) or current best version (1),,,,,,,,,,,,,,,,,,,
comments,G,This file contains station observations,,,,,,,,,,,,,,,,,,,
comments,G,missing values are identified with the missing data flag,,,,,,,,,,,,,,,,,,,
missing_value,G,NA,,,,,,,,,,,,,,,,,,,
coordinate_variable,ob_end_time,t,,,,,,,,,,,,,,,,,,,
long_name,ob_end_time,Date and time at end of observation,s,,,,,,,,,,,,,,,,,,
type,ob_end_time,char,,,,,,,,,,,,,,,,,,,
comments,ob_end_time,Date and time (YYYY-MM-DD HH:MM:SS) at the end of the observation period,,,,,,,,,,,,,,,,,,,
comments,ob_end_time,Use ob_end_time in conjunction with ob_hour_count to determine the period over which the observation relates.,,,,,,,,,,,,,,,,,,,
comments,ob_end_time,Common periods include 12 hour observations ending at 0900 or 2100 or 24 hour observations ending at 0900.,,,,,,,,,,,,,,,,,,,
long_name,id_type,identifier type,1,,,,,,,,,,,,,,,,,,
type,id_type,char,,,,,,,,,,,,,,,,,,,
comments,id_type,a station may have more than one id assigned to it defined by id_type,,,,,,,,,,,,,,,,,,,
long_name,id,station identifier,1,,,,,,,,,,,,,,,,,,
type,id,char,,,,,,,,,,,,,,,,,,,
comments,id,a station may have more than one id assigned to it,,,,,,,,,,,,,,,,,,,
long_name,ob_hour_count,observation hour count,hours,,,,,,,,,,,,,,,,,,
type,ob_hour_count,int,,,,,,,,,,,,,,,,,,,
comments,ob_hour_count,number of hours the observation period spans,,,,,,,,,,,,,,,,,,,
long_name,version_num,midas qc version number,1,,,,,,,,,,,,,,,,,,
type,version_num,int,,,,,,,,,,,,,,,,,,,
comments,version_num,The midas_qc_version_number indicates if the data are original received message (0) or current best version (1),,,,,,,,,,,,,,,,,,,
long_name,met_domain_name,message type,1,,,,,,,,,,,,,,,,,,
type,met_domain_name,char,,,,,,,,,,,,,,,,,,,
comments,met_domain_name,message type (see MIDAS documentation),,,,,,,,,,,,,,,,,,,
long_name,src_id,unique MIDAS source identifier,1,,,,,,,,,,,,,,,,,,
type,src_id,int,,,,,,,,,,,,,,,,,,,
long_name,rec_st_ind,state indicator for the record,1,,,,,,,,,,,,,,,,,,
type,rec_st_ind,int,,,,,,,,,,,,,,,,,,,
comments,rec_st_ind,state indicator for the current stage in the life of the record (see MIDAS documentation),,,,,,,,,,,,,,,,,,,
long_name,max_air_temp,maximum air temperature,degC,,,,,,,,,,,,,,,,,,
type,max_air_temp,float,,,,,,,,,,,,,,,,,,,
comments,max_air_temp,maximum air temperature recorded during the observation period,,,,,,,,,,,,,,,,,,,
long_name,min_air_temp,minimum air temperature,degC,,,,,,,,,,,,,,,,,,
type,min_air_temp,float,,,,,,,,,,,,,,,,,,,
comments,min_air_temp,minimum air temperature recorded during the observation period,,,,,,,,,,,,,,,,,,,
long_name,min_grss_temp,minimum grass temperature, degC,,,,,,,,,,,,,,,,,,
type,min_grss_temp,float,,,,,,,,,,,,,,,,,,,
comments,min_grss_temp,minimum grass temperature recorded during the observation period,,,,,,,,,,,,,,,,,,,
long_name,min_conc_temp,minimum concrete temperature, degC,,,,,,,,,,,,,,,,,,
type,min_conc_temp,float,,,,,,,,,,,,,,,,,,,
comments,min_conc_temp,minimum concrete temperature recorded during the observation period,,,,,,,,,,,,,,,,,,,
long_name,max_air_temp_q,maximum air temperature qc code,1,,,,,,,,,,,,,,,,,,
type,max_air_temp_q,int,,,,,,,,,,,,,,,,,,,
comments,max_air_temp_q,maximum air temperature qc code (see MIDAS documentation),,,,,,,,,,,,,,,,,,,
long_name,min_air_temp_q,minimum air temperature qc code,1,,,,,,,,,,,,,,,,,,
type,min_air_temp_q,int,,,,,,,,,,,,,,,,,,,
comments,min_air_temp_q,minimum air temperature qc code (see MIDAS documentation),,,,,,,,,,,,,,,,,,,
long_name,min_grss_temp_q,minimum grass temperature qc code,1,,,,,,,,,,,,,,,,,,
type,min_grss_temp_q,int,,,,,,,,,,,,,,,,,,,
comments,min_grss_temp_q,minimum grass temperature qc code (see MIDAS documentation),,,,,,,,,,,,,,,,,,,
long_name,min_conc_temp_q,minimum concrete temperature qc code,1,,,,,,,,,,,,,,,,,,
type,min_conc_temp_q,int,,,,,,,,,,,,,,,,,,,
comments,min_conc_temp_q,minimum concrete temperature qc code (see MIDAS documentation),,,,,,,,,,,,,,,,,,,
long_name,max_air_temp_j,maximum air temperature descriptor code,1,,,,,,,,,,,,,,,,,,
type,max_air_temp_j,int,,,,,,,,,,,,,,,,,,,
comments,max_air_temp_j,maximum air temperature descriptor code (see MIDAS documentation),,,,,,,,,,,,,,,,,,,
long_name,min_air_temp_j,minimum air temperature descriptor code,1,,,,,,,,,,,,,,,,,,
type,min_air_temp_j,int,,,,,,,,,,,,,,,,,,,
comments,min_air_temp_j,minimum air temperature descriptor code (see MIDAS documentation),,,,,,,,,,,,,,,,,,,
long_name,min_grss_temp_j,minimum grass temperature descriptor code,1,,,,,,,,,,,,,,,,,,
type,min_grss_temp_j,int,,,,,,,,,,,,,,,,,,,
comments,min_grss_temp_j,minimum grass temperature descriptor code (see MIDAS documentation),,,,,,,,,,,,,,,,,,,
long_name,min_conc_temp_j,minimum concrete temperature descriptor code,1,,,,,,,,,,,,,,,,,,
type,min_conc_temp_j,int,,,,,,,,,,,,,,,,,,,
comments,min_conc_temp_j,minimum concrete temperature descriptor code (see MIDAS documentation),,,,,,,,,,,,,,,,,,,
long_name,meto_stmp_time,Met Office receipt stamp time,s,,,,,,,,,,,,,,,,,,
type,meto_stmp_time,char,,,,,,,,,,,,,,,,,,,
comments,meto_stmp_time,Met Office receipt stamp time as YYYY-MM-DD HH:MM:SS,,,,,,,,,,,,,,,,,,,
long_name,midas_stmp_etime,elapsed time to storage in MIDAS,minutes,,,,,,,,,,,,,,,,,,
type,midas_stmp_etime,int,,,,,,,,,,,,,,,,,,,
comments,midas_stmp_etime,elapsed time to storage in MIDAS in minutes,,,,,,,,,,,,,,,,,,,
data,,,,,,,,,,,,,,,,,,,,,
ob_end_time,id_type,id,ob_hour_count,version_num,met_domain_name,src_id,rec_st_ind,max_air_temp,min_air_temp,min_grss_temp,min_conc_temp,max_air_temp_q,min_air_temp_q,min_grss_temp_q,min_conc_temp_q,max_air_temp_j,min_air_temp_j,min_grss_temp_j,min_conc_temp_j,meto_stmp_time,midas_stmp_etime
01/01/2023 09:00,DCNN,4206,12,1,NCM,556,1011,9.6,6.8,4.8,4.5,6,6,6,6,NA,NA,NA,NA,01/01/2023 09:04,0
01/01/2023 21:00,DCNN,4206,12,1,NCM,556,1011,10.2,6.9,NA,NA,6,6,NA,NA,NA,NA,NA,NA,01/01/2023 21:02,0
02/01/2023 09:00,DCNN,4206,12,1,NCM,556,1011,7.7,2.7,-1.2,-0.4,6,6,6,6,NA,NA,NA,NA,02/01/2023 09:04,0
02/01/2023 21:00,DCNN,4206,12,1,NCM,556,1011,6.8,0.7,NA,NA,6,6,NA,NA,NA,NA,NA,NA,02/01/2023 21:02,0
03/01/2023 09:00,DCNN,4206,12,1,NCM,556,1011,5.7,-2,-7.5,-5,6,6,6,6,NA,NA,NA,NA,03/01/2023 09:04,0
03/01/2023 21:00,DCNN,4206,12,1,NCM,556,1011,11.9,5.7,NA,NA,6,6,NA,NA,NA,NA,NA,NA,03/01/2023 21:02,0
04/01/2023 09:00,DCNN,4206,12,1,NCM,556,1011,11.9,10.7,9.1,8.7,6,6,6,6,NA,NA,NA,NA,04/01/2023 09:04,0
04/01/2023 21:00,DCNN,4206,12,1,NCM,556,1011,12.2,9.3,NA,NA,6,6,NA,NA,NA,NA,NA,NA,04/01/2023 21:03,0
05/01/2023 09:00,DCNN,4206,12,1,NCM,556,1011,10.2,8.1,5.8,5.7,6,6,6,6,NA,NA,NA,NA,05/01/2023 09:04,0
05/01/2023 21:00,DCNN,4206,12,1,NCM,556,1011,11.8,8.5,NA,NA,6,6,NA,NA,NA,NA,NA,NA,05/01/2023 21:02,0
06/01/2023 09:00,DCNN,4206,12,1,NCM,556,1011,10.9,4.9,2.5,2.2,6,6,6,6,NA,NA,NA,NA,06/01/2023 09:04,0
06/01/2023 21:00,DCNN,4206,12,1,NCM,556,1011,9.8,6,NA,NA,6,6,NA,NA,NA,NA,NA,NA,06/01/2023 21:02,0
07/01/2023 09:00,DCNN,4206,12,1,NCM,556,1011,11.8,9.8,7.4,7.2,6,6,6,6,NA,NA,NA,NA,07/01/2023 09:04,0
07/01/2023 21:00,DCNN,4206,12,1,NCM,556,1011,11.2,6,NA,NA,6,6,NA,NA,NA,NA,NA,NA,07/01/2023 21:02,0
08/01/2023 09:00,DCNN,4206,12,1,NCM,556,1011,7.3,5.3,3.7,3.8,6,6,6,6,NA,NA,NA,NA,08/01/2023 09:04,0
08/01/2023 21:00,DCNN,4206,12,1,NCM,556,1011,7.8,3.4,NA,NA,6,6,NA,NA,NA,NA,NA,NA,08/01/2023 21:02,0
09/01/2023 09:00,DCNN,4206,12,1,NCM,556,1011,4.3,3.1,0.8,0.5,6,6,6,6,NA,NA,NA,NA,09/01/2023 09:03,0
09/01/2023 21:00,DCNN,4206,12,1,NCM,556,1011,7.2,4.2,NA,NA,6,6,NA,NA,NA,NA,NA,NA,09/01/2023 21:02,0
10/01/2023 09:00,DCNN,4206,12,1,NCM,556,1011,6.1,4,-0.3,0.2,6,6,6,6,NA,NA,NA,NA,10/01/2023 09:04,0
10/01/2023 21:00,DCNN,4206,12,1,NCM,556,1011,12.3,4.8,NA,NA,6,6,NA,NA,NA,NA,NA,NA,10/01/2023 21:02,0
11/01/2023 09:00,DCNN,4206,12,1,NCM,556,1011,11.2,5.7,3.4,2.9,6,6,6,6,NA,NA,NA,NA,11/01/2023 09:03,0
11/01/2023 21:00,DCNN,4206,12,1,NCM,556,1011,8.7,6.2,NA,NA,6,6,NA,NA,NA,NA,NA,NA,11/01/2023 21:02,0
12/01/2023 09:00,DCNN,4206,12,1,NCM,556,1011,11.1,6.7,4.6,4.3,6,6,6,6,NA,NA,NA,NA,12/01/2023 09:04,0
12/01/2023 21:00,DCNN,4206,12,1,NCM,556,1011,11.7,7.1,NA,NA,6,6,NA,NA,NA,NA,NA,NA,12/01/2023 21:02,0
13/01/2023 09:00,DCNN,4206,12,1,NCM,556,1011,7.7,6.2,4.7,4.3,6,6,6,6,NA,NA,NA,NA,13/01/2023 09:04,0
13/01/2023 21:00,DCNN,4206,12,1,NCM,556,1011,8.7,5.1,NA,NA,6,6,NA,NA,NA,NA,NA,NA,13/01/2023 21:02,0
14/01/2023 09:00,DCNN,4206,12,1,NCM,556,1011,10,5,2.8,2.4,6,6,6,6,NA,NA,NA,NA,14/01/2023 09:04,0
14/01/2023 21:00,DCNN,4206,12,1,NCM,556,1011,10.1,4.1,NA,NA,6,6,NA,NA,NA,NA,NA,NA,14/01/2023 21:03,0
15/01/2023 09:00,DCNN,4206,12,1,NCM,556,1011,4.3,2.4,0.9,0.7,6,6,6,6,NA,NA,NA,NA,15/01/2023 09:04,0
15/01/2023 21:00,DCNN,4206,12,1,NCM,556,1011,5.9,2.6,NA,NA,6,6,NA,NA,NA,NA,NA,NA,15/01/2023 21:02,0
16/01/2023 09:00,DCNN,4206,12,1,NCM,556,1011,3.7,1.8,-1.5,0,6,6,6,6,NA,NA,NA,NA,16/01/2023 09:04,0
16/01/2023 21:00,DCNN,4206,12,1,NCM,556,1011,3,-2.6,NA,NA,6,6,NA,NA,NA,NA,NA,NA,16/01/2023 21:02,0
17/01/2023 09:00,DCNN,4206,12,1,NCM,556,1011,-1.9,-3.4,-9,-7,6,6,6,6,NA,NA,NA,NA,17/01/2023 09:03,0
17/01/2023 21:00,DCNN,4206,12,1,NCM,556,1011,3,-3,NA,NA,6,6,NA,NA,NA,NA,NA,NA,17/01/2023 21:02,0
18/01/2023 09:00,DCNN,4206,12,1,NCM,556,1011,0.1,-1.1,-3,-3.1,6,6,6,6,NA,NA,NA,NA,18/01/2023 09:04,0
18/01/2023 21:00,DCNN,4206,12,1,NCM,556,1011,4.7,0,NA,NA,6,6,NA,NA,NA,NA,NA,NA,18/01/2023 21:02,0
19/01/2023 09:00,DCNN,4206,12,1,NCM,556,1011,0.6,-2.3,-8.2,-6.1,6,6,6,6,NA,NA,NA,NA,19/01/2023 09:04,0
19/01/2023 21:00,DCNN,4206,12,1,NCM,556,1011,3.5,-1,NA,NA,6,6,NA,NA,NA,NA,NA,NA,19/01/2023 21:02,0
20/01/2023 09:00,DCNN,4206,12,1,NCM,556,1011,3.2,-0.1,-4.4,-3.9,6,6,6,6,NA,NA,NA,NA,20/01/2023 09:03,0
20/01/2023 21:00,DCNN,4206,12,1,NCM,556,1011,5.8,0.7,NA,NA,6,6,NA,NA,NA,NA,NA,NA,20/01/2023 21:02,0
21/01/2023 09:00,DCNN,4206,12,1,NCM,556,1011,1.7,-3.7,-11.8,-8.4,6,6,6,6,NA,NA,NA,NA,21/01/2023 09:04,0
21/01/2023 21:00,DCNN,4206,12,1,NCM,556,1011,4.9,-2.9,NA,NA,6,6,NA,NA,NA,NA,NA,NA,21/01/2023 21:02,0
22/01/2023 09:00,DCNN,4206,12,1,NCM,556,1011,-0.4,-4.4,-12.2,-8.8,6,6,6,6,NA,NA,NA,NA,22/01/2023 09:04,0
22/01/2023 21:00,DCNN,4206,12,1,NCM,556,1011,2.5,-1.6,NA,NA,6,6,NA,NA,NA,NA,NA,NA,22/01/2023 21:02,0
23/01/2023 09:00,DCNN,4206,12,1,NCM,556,1011,1.9,-0.7,-4.7,-3.3,6,6,6,6,NA,NA,NA,NA,23/01/2023 09:04,0
23/01/2023 21:00,DCNN,4206,12,1,NCM,556,1011,6.6,-0.3,NA,NA,6,6,NA,NA,NA,NA,NA,NA,23/01/2023 21:02,0
24/01/2023 09:00,DCNN,4206,12,1,NCM,556,1011,0.7,-1.4,-7.2,-4.9,6,6,6,6,NA,NA,NA,NA,24/01/2023 09:04,0
24/01/2023 21:00,DCNN,4206,12,1,NCM,556,1011,8.1,-0.3,NA,NA,6,6,NA,NA,NA,NA,NA,NA,24/01/2023 21:02,0
25/01/2023 09:00,DCNN,4206,12,1,NCM,556,1011,4.5,3.8,3.4,3.3,6,6,6,6,NA,NA,NA,NA,25/01/2023 09:03,0
25/01/2023 21:00,DCNN,4206,12,1,NCM,556,1011,9.4,4.3,NA,NA,6,6,NA,NA,NA,NA,NA,NA,25/01/2023 21:02,0
26/01/2023 09:00,DCNN,4206,12,1,NCM,556,1011,5.3,2.8,-0.9,-1,6,6,6,6,NA,NA,NA,NA,26/01/2023 09:03,0
26/01/2023 21:00,DCNN,4206,12,1,NCM,556,1011,7.7,4,NA,NA,6,6,NA,NA,NA,NA,NA,NA,26/01/2023 21:02,0
27/01/2023 09:00,DCNN,4206,12,1,NCM,556,1011,4.3,3.4,-0.3,0.7,6,6,6,6,NA,NA,NA,NA,27/01/2023 09:03,0
27/01/2023 21:00,DCNN,4206,12,1,NCM,556,1011,5.5,3.1,NA,NA,6,6,NA,NA,NA,NA,NA,NA,27/01/2023 21:02,0
28/01/2023 09:00,DCNN,4206,12,1,NCM,556,1011,4.1,2.3,-0.6,0.2,6,6,6,6,NA,NA,NA,NA,28/01/2023 09:03,0
28/01/2023 21:00,DCNN,4206,12,1,NCM,556,1011,7.7,2.6,NA,NA,6,6,NA,NA,NA,NA,NA,NA,28/01/2023 21:02,0
29/01/2023 09:00,DCNN,4206,12,1,NCM,556,1011,6.2,4.1,2.3,2.4,6,6,6,6,NA,NA,NA,NA,29/01/2023 09:03,0
29/01/2023 21:00,DCNN,4206,12,1,NCM,556,1011,8.1,4.3,NA,NA,6,6,NA,NA,NA,NA,NA,NA,29/01/2023 21:02,0
30/01/2023 09:00,DCNN,4206,12,1,NCM,556,1011,7.8,5.4,2.4,2.3,6,6,6,6,NA,NA,NA,NA,30/01/2023 09:04,0
30/01/2023 21:00,DCNN,4206,12,1,NCM,556,1011,8.8,5.2,NA,NA,6,6,NA,NA,NA,NA,NA,NA,30/01/2023 21:02,0
31/01/2023 09:00,DCNN,4206,12,1,NCM,556,1011,8,4.3,1.9,2,6,6,6,6,NA,NA,NA,NA,31/01/2023 09:04,0
31/01/2023 21:00,DCNN,4206,12,1,NCM,556,1011,9.3,5.3,NA,NA,6,6,NA,NA,NA,NA,NA,NA,31/01/2023 21:02,0
01/02/2023 09:00,DCNN,4206,12,1,NCM,556,1011,7.2,4.7,2,1.9,6,6,6,6,NA,NA,NA,NA,01/02/2023 09:03,0
01/02/2023 21:00,DCNN,4206,12,1,NCM,556,1011,9.2,7.2,NA,NA,6,6,NA,NA,NA,NA,NA,NA,01/02/2023 21:02,0
02/02/2023 09:00,DCNN,4206,12,1,NCM,556,1011,7.8,6.9,5.1,5,6,6,6,6,NA,NA,NA,NA,02/02/2023 09:03,0
02/02/2023 21:00,DCNN,4206,12,1,NCM,556,1011,10.5,7.5,NA,NA,6,6,NA,NA,NA,NA,NA,NA,02/02/2023 21:02,0
03/02/2023 09:00,DCNN,4206,12,1,NCM,556,1011,10,8.6,7.1,6.9,6,6,6,6,NA,NA,NA,NA,03/02/2023 09:03,0
03/02/2023 21:00,DCNN,4206,12,1,NCM,556,1011,12.1,8.8,NA,NA,6,6,NA,NA,NA,NA,NA,NA,03/02/2023 21:02,0
04/02/2023 09:00,DCNN,4206,12,1,NCM,556,1011,9,7.7,6.6,6.6,6,6,6,6,NA,NA,NA,NA,04/02/2023 09:03,0
04/02/2023 21:00,DCNN,4206,12,1,NCM,556,1011,9.2,7.8,NA,NA,6,6,NA,NA,NA,NA,NA,NA,04/02/2023 21:02,0
05/02/2023 09:00,DCNN,4206,12,1,NCM,556,1011,8.5,2.1,-3.5,-2.5,6,6,6,6,NA,NA,NA,NA,05/02/2023 09:04,0
05/02/2023 21:00,DCNN,4206,12,1,NCM,556,1011,7.9,-0.9,NA,NA,6,6,NA,NA,NA,NA,NA,NA,05/02/2023 21:02,0
06/02/2023 09:00,DCNN,4206,12,1,NCM,556,1011,1,-2.6,-10.8,-7.4,6,6,6,6,NA,NA,NA,NA,06/02/2023 09:03,0
06/02/2023 21:00,DCNN,4206,12,1,NCM,556,1011,8.1,-0.5,NA,NA,6,6,NA,NA,NA,NA,NA,NA,06/02/2023 21:02,0
07/02/2023 09:00,DCNN,4206,12,1,NCM,556,1011,2.1,-1.7,-9.2,-6.2,6,6,6,6,NA,NA,NA,NA,07/02/2023 09:03,0
07/02/2023 21:00,DCNN,4206,12,1,NCM,556,1011,9.2,-0.4,NA,NA,6,6,NA,NA,NA,NA,NA,NA,07/02/2023 21:02,0
08/02/2023 09:00,DCNN,4206,12,1,NCM,556,1011,3.7,-1.9,-6.4,-3.7,6,6,6,6,NA,NA,NA,NA,08/02/2023 09:03,0
08/02/2023 21:00,DCNN,4206,12,1,NCM,556,1011,8.3,-1.6,NA,NA,6,6,NA,NA,NA,NA,NA,NA,08/02/2023 21:02,0
09/02/2023 09:00,DCNN,4206,12,1,NCM,556,1011,4.3,1.4,-6.2,-3.1,6,6,6,6,NA,NA,NA,NA,09/02/2023 09:04,0
09/02/2023 21:00,DCNN,4206,12,1,NCM,556,1011,8.6,3,NA,NA,6,6,NA,NA,NA,NA,NA,NA,09/02/2023 21:03,0
10/02/2023 09:00,DCNN,4206,12,1,NCM,556,1011,3.2,0.6,-6.3,-3.1,6,6,6,6,NA,NA,NA,NA,10/02/2023 09:04,0
10/02/2023 21:00,DCNN,4206,12,1,NCM,556,1011,9.1,2.8,NA,NA,6,6,NA,NA,NA,NA,NA,NA,10/02/2023 21:03,0
11/02/2023 09:00,DCNN,4206,12,1,NCM,556,1011,8.5,7.7,6.5,6.3,6,6,6,6,NA,NA,NA,NA,11/02/2023 09:04,0
11/02/2023 21:00,DCNN,4206,12,1,NCM,556,1011,10.3,8,NA,NA,6,6,NA,NA,NA,NA,NA,NA,11/02/2023 21:02,0
12/02/2023 09:00,DCNN,4206,12,1,NCM,556,1011,8.2,6.1,4.9,5.4,6,6,6,6,NA,NA,NA,NA,12/02/2023 09:04,0
12/02/2023 21:00,DCNN,4206,12,1,NCM,556,1011,8.6,6.7,NA,NA,6,6,NA,NA,NA,NA,NA,NA,12/02/2023 21:03,0
13/02/2023 09:00,DCNN,4206,12,1,NCM,556,1011,6.7,5.7,5.2,5.4,6,6,6,6,NA,NA,NA,NA,13/02/2023 09:04,0
13/02/2023 21:00,DCNN,4206,12,1,NCM,556,1011,9.4,2.1,NA,NA,6,6,NA,NA,NA,NA,NA,NA,13/02/2023 21:03,0
14/02/2023 09:00,DCNN,4206,12,1,NCM,556,1011,2.3,-0.8,-8.8,-5.7,6,6,6,6,NA,NA,NA,NA,14/02/2023 09:04,0
14/02/2023 21:00,DCNN,4206,12,1,NCM,556,1011,9.6,0.9,NA,NA,6,6,NA,NA,NA,NA,NA,NA,14/02/2023 21:03,0
15/02/2023 09:00,DCNN,4206,12,1,NCM,556,1011,3.8,0.5,-7.4,-4.6,6,6,6,6,NA,NA,NA,NA,15/02/2023 09:05,0
15/02/2023 21:00,DCNN,4206,12,1,NCM,556,1011,11.9,3.8,NA,NA,6,6,NA,NA,NA,NA,NA,NA,15/02/2023 21:02,0
16/02/2023 09:00,DCNN,4206,12,1,NCM,556,1011,7.7,5.6,-2.2,0.6,6,6,6,6,NA,NA,NA,NA,16/02/2023 09:04,0
16/02/2023 21:00,DCNN,4206,12,1,NCM,556,1011,12.6,7.7,NA,NA,6,6,NA,NA,NA,NA,NA,NA,16/02/2023 21:02,0
17/02/2023 09:00,DCNN,4206,12,1,NCM,556,1011,11.7,9.8,8,7.8,6,6,6,6,NA,NA,NA,NA,17/02/2023 09:04,0
17/02/2023 21:00,DCNN,4206,12,1,NCM,556,1011,14.1,9.4,NA,NA,6,6,NA,NA,NA,NA,NA,NA,17/02/2023 21:03,0
18/02/2023 09:00,DCNN,4206,12,1,NCM,556,1011,11.3,9.6,8,8.6,6,6,6,6,NA,NA,NA,NA,18/02/2023 09:04,0
18/02/2023 21:00,DCNN,4206,12,1,NCM,556,1011,13.6,10.1,NA,NA,6,6,NA,NA,NA,NA,NA,NA,18/02/2023 21:03,0
19/02/2023 09:00,DCNN,4206,12,1,NCM,556,1011,10.6,5.7,3.3,3.5,6,6,6,6,NA,NA,NA,NA,19/02/2023 09:04,0
19/02/2023 21:00,DCNN,4206,12,1,NCM,556,1011,11.9,6.6,NA,NA,6,6,NA,NA,NA,NA,NA,NA,19/02/2023 21:03,0
20/02/2023 09:00,DCNN,4206,12,1,NCM,556,1011,10.3,7.6,6.5,6.4,6,6,6,6,NA,NA,NA,NA,20/02/2023 09:04,0
20/02/2023 21:00,DCNN,4206,12,1,NCM,556,1011,14.4,10,NA,NA,6,6,NA,NA,NA,NA,NA,NA,20/02/2023 21:02,0
21/02/2023 09:00,DCNN,4206,12,1,NCM,556,1011,10.2,8,6.3,6.5,6,6,6,6,NA,NA,NA,NA,21/02/2023 09:04,0
21/02/2023 21:00,DCNN,4206,12,1,NCM,556,1011,11.4,7.6,NA,NA,6,6,NA,NA,NA,NA,NA,NA,21/02/2023 21:03,0
22/02/2023 09:00,DCNN,4206,12,1,NCM,556,1011,7.6,5.6,4.9,5.3,6,6,6,6,NA,NA,NA,NA,22/02/2023 09:04,0
22/02/2023 21:00,DCNN,4206,12,1,NCM,556,1011,9.2,5.1,NA,NA,6,6,NA,NA,NA,NA,NA,NA,22/02/2023 21:03,0
23/02/2023 09:00,DCNN,4206,12,1,NCM,556,1011,5.3,3.1,1.1,1.2,6,6,6,6,NA,NA,NA,NA,23/02/2023 09:04,0
23/02/2023 21:00,DCNN,4206,12,1,NCM,556,1011,8.1,2.5,NA,NA,6,6,NA,NA,NA,NA,NA,NA,23/02/2023 21:03,0
24/02/2023 09:00,DCNN,4206,12,1,NCM,556,1011,8.1,1.8,-4.6,-0.9,6,6,6,6,NA,NA,NA,NA,24/02/2023 09:04,0
24/02/2023 21:00,DCNN,4206,12,1,NCM,556,1011,10.8,4.2,NA,NA,6,6,NA,NA,NA,NA,NA,NA,24/02/2023 21:03,0
25/02/2023 09:00,DCNN,4206,12,1,NCM,556,1011,4.5,2.4,0,0.3,6,6,6,6,NA,NA,NA,NA,25/02/2023 09:04,0
25/02/2023 21:00,DCNN,4206,12,1,NCM,556,1011,6.7,2.7,NA,NA,6,6,NA,NA,NA,NA,NA,NA,25/02/2023 21:03,0
26/02/2023 09:00,DCNN,4206,12,1,NCM,556,1011,4.1,1.9,-3.2,-1.2,6,6,6,6,NA,NA,NA,NA,26/02/2023 09:03,0
26/02/2023 21:00,DCNN,4206,12,1,NCM,556,1011,8.3,1.4,NA,NA,6,6,NA,NA,NA,NA,NA,NA,26/02/2023 21:03,0
27/02/2023 09:00,DCNN,4206,12,1,NCM,556,1011,4.3,1.1,-5.8,-3,6,6,6,6,NA,NA,NA,NA,27/02/2023 09:03,0
27/02/2023 21:00,DCNN,4206,12,1,NCM,556,1011,7.7,4.3,NA,NA,6,6,NA,NA,NA,NA,NA,NA,27/02/2023 21:02,0
28/02/2023 09:00,DCNN,4206,12,1,NCM,556,1011,5.1,3.8,1.6,2,6,6,6,6,NA,NA,NA,NA,28/02/2023 09:03,0
28/02/2023 21:00,DCNN,4206,12,1,NCM,556,1011,8.4,4.7,NA,NA,6,6,NA,NA,NA,NA,NA,NA,28/02/2023 21:02,0
01/03/2023 09:00,DCNN,4206,12,1,NCM,556,1011,4.8,3.4,1,1.6,6,6,6,6,NA,NA,NA,NA,01/03/2023 09:03,0
01/03/2023 21:00,DCNN,4206,12,1,NCM,556,1011,8,4.6,NA,NA,6,6,NA,NA,NA,NA,NA,NA,01/03/2023 21:03,0
02/03/2023 09:00,DCNN,4206,12,1,NCM,556,1011,4.6,3,2.2,2.6,6,6,6,6,NA,NA,NA,NA,02/03/2023 09:05,0
02/03/2023 21:00,DCNN,4206,12,1,NCM,556,1011,6.3,3.4,NA,NA,6,6,NA,NA,NA,NA,NA,NA,02/03/2023 21:03,0
03/03/2023 09:00,DCNN,4206,12,1,NCM,556,1011,4.4,2.7,2.2,2.8,6,6,6,6,NA,NA,NA,NA,03/03/2023 09:04,0
03/03/2023 21:00,DCNN,4206,12,1,NCM,556,1011,6.4,3.2,NA,NA,6,6,NA,NA,NA,NA,NA,NA,03/03/2023 21:03,0
04/03/2023 09:00,DCNN,4206,12,1,NCM,556,1011,5,3.1,2.5,3.1,6,6,6,6,NA,NA,NA,NA,04/03/2023 09:04,0
04/03/2023 21:00,DCNN,4206,12,1,NCM,556,1011,5.8,3.3,NA,NA,6,6,NA,NA,NA,NA,NA,NA,04/03/2023 21:02,0
05/03/2023 09:00,DCNN,4206,12,1,NCM,556,1011,3.3,2,1.4,1.9,6,6,6,6,NA,NA,NA,NA,05/03/2023 09:04,0
05/03/2023 21:00,DCNN,4206,12,1,NCM,556,1011,4.4,3,NA,NA,6,6,NA,NA,NA,NA,NA,NA,05/03/2023 21:04,0
06/03/2023 09:00,DCNN,4206,12,1,NCM,556,1011,4.7,-0.8,-7.8,-3.7,6,6,6,6,NA,NA,NA,NA,06/03/2023 09:04,0
06/03/2023 21:00,DCNN,4206,12,1,NCM,556,1011,7.5,3.4,NA,NA,6,6,NA,NA,NA,NA,NA,NA,06/03/2023 21:03,0
07/03/2023 09:00,DCNN,4206,12,1,NCM,556,1011,3.6,-0.2,-4.1,-1.7,6,6,6,6,NA,NA,NA,NA,07/03/2023 09:05,0
07/03/2023 21:00,DCNN,4206,12,1,NCM,556,1011,5.9,-0.1,NA,NA,6,6,NA,NA,NA,NA,NA,NA,07/03/2023 21:02,0
08/03/2023 09:00,DCNN,4206,12,1,NCM,556,1011,0,-3.5,-9.8,-6.5,6,6,6,6,NA,NA,NA,NA,08/03/2023 09:04,0
08/03/2023 21:00,DCNN,4206,12,1,NCM,556,1011,3.7,0,NA,NA,6,6,NA,NA,NA,NA,NA,NA,08/03/2023 21:03,0
09/03/2023 09:00,DCNN,4206,12,1,NCM,556,1022,0.4,-0.1,NA,NA,6,6,NA,NA,NA,NA,NA,NA,12/03/2023 20:02,0
09/03/2023 21:00,DCNN,4206,12,1,NCM,556,1011,0.8,0.2,NA,NA,6,6,NA,NA,NA,NA,NA,NA,09/03/2023 21:03,0
10/03/2023 09:00,DCNN,4206,12,1,NCM,556,1022,0.6,-0.1,NA,NA,6,6,NA,NA,NA,NA,NA,NA,12/03/2023 20:02,0
10/03/2023 21:00,DCNN,4206,12,1,NCM,556,1011,4.5,-1.2,NA,NA,6,6,NA,NA,NA,NA,NA,NA,10/03/2023 21:03,0
11/03/2023 09:00,DCNN,4206,12,1,NCM,556,1011,0.6,-4.6,-7,-3.6,6,6,6,6,NA,NA,NA,NA,11/03/2023 09:05,0
11/03/2023 21:00,DCNN,4206,12,1,NCM,556,1011,6.7,0.6,NA,NA,6,6,NA,NA,NA,NA,NA,NA,11/03/2023 21:03,0
12/03/2023 09:00,DCNN,4206,12,1,NCM,556,1011,8.2,1.7,0.5,1.2,6,6,6,6,NA,NA,NA,NA,12/03/2023 09:07,0
12/03/2023 21:00,DCNN,4206,12,1,NCM,556,1011,12.9,8.2,NA,NA,6,6,NA,NA,NA,NA,NA,NA,12/03/2023 21:03,0
13/03/2023 09:00,DCNN,4206,12,1,NCM,556,1011,11.9,9.5,8.4,8.5,6,6,6,6,NA,NA,NA,NA,13/03/2023 09:03,166
13/03/2023 21:00,DCNN,4206,12,1,NCM,556,1011,12.8,9.2,NA,NA,6,6,NA,NA,NA,NA,NA,NA,13/03/2023 21:03,0
14/03/2023 09:00,DCNN,4206,12,1,NCM,556,1011,9.3,1.8,0.6,1.5,6,6,6,6,NA,NA,NA,NA,14/03/2023 09:05,0
14/03/2023 21:00,DCNN,4206,12,1,NCM,556,1011,6.7,1.7,NA,NA,6,6,NA,NA,NA,NA,NA,NA,14/03/2023 21:03,0
15/03/2023 09:00,DCNN,4206,12,1,NCM,556,1011,1.7,-3.7,-9.5,-6,6,6,6,6,NA,NA,NA,NA,15/03/2023 09:05,0
15/03/2023 21:00,DCNN,4206,12,1,NCM,556,1011,6,-0.8,NA,NA,6,6,NA,NA,NA,NA,NA,NA,15/03/2023 21:03,0
16/03/2023 09:00,DCNN,4206,12,1,NCM,556,1011,9.7,5.2,4.1,4.6,6,6,6,6,NA,NA,NA,NA,16/03/2023 09:05,0
16/03/2023 21:00,DCNN,4206,12,1,NCM,556,1011,11.8,9.5,NA,NA,6,6,NA,NA,NA,NA,NA,NA,16/03/2023 21:03,0
17/03/2023 09:00,DCNN,4206,12,1,NCM,556,1011,10,7.4,4.3,4.3,6,6,6,6,NA,NA,NA,NA,17/03/2023 09:05,0
17/03/2023 21:00,DCNN,4206,12,1,NCM,556,1011,15.5,9.8,NA,NA,6,6,NA,NA,NA,NA,NA,NA,17/03/2023 21:03,0
18/03/2023 09:00,DCNN,4206,12,1,NCM,556,1011,10.5,7.7,4.2,4.8,6,6,6,6,NA,NA,NA,NA,18/03/2023 09:04,0
18/03/2023 21:00,DCNN,4206,12,1,NCM,556,1011,13.8,9.4,NA,NA,6,6,NA,NA,NA,NA,NA,NA,18/03/2023 21:03,0
19/03/2023 09:00,DCNN,4206,12,1,NCM,556,1011,9.4,5.1,2.5,2.6,6,6,6,6,NA,NA,NA,NA,19/03/2023 09:04,0
19/03/2023 21:00,DCNN,4206,12,1,NCM,556,1011,11.1,7.8,NA,NA,6,6,NA,NA,NA,NA,NA,NA,19/03/2023 21:03,0
20/03/2023 09:00,DCNN,4206,12,1,NCM,556,1011,8.5,5.7,5.3,5.7,6,6,6,6,NA,NA,NA,NA,20/03/2023 09:04,0
20/03/2023 21:00,DCNN,4206,12,1,NCM,556,1011,14.8,8.5,NA,NA,6,6,NA,NA,NA,NA,NA,NA,20/03/2023 21:03,0
21/03/2023 09:00,DCNN,4206,12,1,NCM,556,1011,11.1,8.8,8.3,8.6,6,6,6,6,NA,NA,NA,NA,21/03/2023 09:03,0
21/03/2023 21:00,DCNN,4206,12,1,NCM,556,1011,14.1,9.3,NA,NA,6,6,NA,NA,NA,NA,NA,NA,21/03/2023 21:04,0
22/03/2023 09:00,DCNN,4206,12,1,NCM,556,1011,10.6,8.8,6.6,6.6,6,6,6,6,NA,NA,NA,NA,22/03/2023 09:07,0
22/03/2023 21:00,DCNN,4206,12,1,NCM,556,1011,14.5,9.7,NA,NA,6,6,NA,NA,NA,NA,NA,NA,22/03/2023 21:03,0
23/03/2023 09:00,DCNN,4206,12,1,NCM,556,1011,10.1,5.6,3.4,3.4,6,6,6,6,NA,NA,NA,NA,23/03/2023 09:05,0
23/03/2023 21:00,DCNN,4206,12,1,NCM,556,1011,14.7,7.6,NA,NA,6,6,NA,NA,NA,NA,NA,NA,23/03/2023 21:03,0
24/03/2023 09:00,DCNN,4206,12,1,NCM,556,1011,9.1,5.4,3.3,3,6,6,6,6,NA,NA,NA,NA,24/03/2023 09:05,0
24/03/2023 21:00,DCNN,4206,12,1,NCM,556,1011,13.3,8.3,NA,NA,6,6,NA,NA,NA,NA,NA,NA,24/03/2023 21:03,0
25/03/2023 09:00,DCNN,4206,12,1,NCM,556,1011,9.2,7.1,5.4,5.1,6,6,6,6,NA,NA,NA,NA,25/03/2023 09:05,0
25/03/2023 21:00,DCNN,4206,12,1,NCM,556,1011,12,5.4,NA,NA,6,6,NA,NA,NA,NA,NA,NA,25/03/2023 21:04,0
26/03/2023 09:00,DCNN,4206,12,1,NCM,556,1011,6.2,3.7,-2,1.1,6,6,6,6,NA,NA,NA,NA,26/03/2023 09:06,0
26/03/2023 21:00,DCNN,4206,12,1,NCM,556,1011,8.4,4.6,NA,NA,6,6,NA,NA,NA,NA,NA,NA,26/03/2023 21:03,0
27/03/2023 09:00,DCNN,4206,12,1,NCM,556,1011,4.9,1.4,-2.5,-0.7,6,6,6,6,NA,NA,NA,NA,27/03/2023 09:05,0
27/03/2023 21:00,DCNN,4206,12,1,NCM,556,1011,9.7,4.4,NA,NA,6,6,NA,NA,NA,NA,NA,NA,27/03/2023 21:03,0
28/03/2023 09:00,DCNN,4206,12,1,NCM,556,1011,5.2,4.2,-3.3,2.1,6,6,6,6,NA,NA,NA,NA,28/03/2023 09:05,0
28/03/2023 21:00,DCNN,4206,12,1,NCM,556,1011,8,5.1,NA,NA,6,6,NA,NA,NA,NA,NA,NA,28/03/2023 21:03,0
29/03/2023 09:00,DCNN,4206,12,1,NCM,556,1011,11.2,7.6,5.8,5.8,6,6,6,6,NA,NA,NA,NA,29/03/2023 09:06,0
29/03/2023 21:00,DCNN,4206,12,1,NCM,556,1011,14,10.9,NA,NA,6,6,NA,NA,NA,NA,NA,NA,29/03/2023 21:03,0
30/03/2023 09:00,DCNN,4206,12,1,NCM,556,1011,11.3,8.9,7.3,7.4,6,6,6,6,NA,NA,NA,NA,30/03/2023 09:05,0
30/03/2023 21:00,DCNN,4206,12,1,NCM,556,1011,15,9.8,NA,NA,6,6,NA,NA,NA,NA,NA,NA,30/03/2023 21:03,0
31/03/2023 09:00,DCNN,4206,12,1,NCM,556,1011,10.6,8.9,6.8,7.9,6,6,6,6,NA,NA,NA,NA,31/03/2023 09:07,0
31/03/2023 21:00,DCNN,4206,12,1,NCM,556,1011,12.3,8.6,NA,NA,6,6,NA,NA,NA,NA,NA,NA,31/03/2023 21:04,0
01/04/2023 09:00,DCNN,4206,12,1,NCM,556,1011,8.6,6,5.4,6,6,6,6,6,NA,NA,NA,NA,01/04/2023 09:07,0
01/04/2023 21:00,DCNN,4206,12,1,NCM,556,1011,9.1,6.7,NA,NA,6,6,NA,NA,NA,NA,NA,NA,01/04/2023 21:04,0
02/04/2023 09:00,DCNN,4206,12,1,NCM,556,1011,7,5.1,4.6,5,6,6,6,6,NA,NA,NA,NA,02/04/2023 09:06,0
02/04/2023 21:00,DCNN,4206,12,1,NCM,556,1011,10.6,3.3,NA,NA,6,6,NA,NA,NA,NA,NA,NA,02/04/2023 21:05,0
03/04/2023 09:00,DCNN,4206,12,1,NCM,556,1011,6.8,-1.5,-8.8,-4.8,6,6,6,6,NA,NA,NA,NA,03/04/2023 09:07,0
03/04/2023 21:00,DCNN,4206,12,1,NCM,556,1011,12.2,5.1,NA,NA,6,6,NA,NA,NA,NA,NA,NA,03/04/2023 21:04,0
04/04/2023 09:00,DCNN,4206,12,1,NCM,556,1011,7.1,-2.7,-9.6,-5.4,6,6,6,6,NA,NA,NA,NA,04/04/2023 09:05,45
04/04/2023 21:00,DCNN,4206,12,1,NCM,556,1011,13.7,6.8,NA,NA,6,6,NA,NA,NA,NA,NA,NA,04/04/2023 21:02,238
05/04/2023 09:00,DCNN,4206,12,1,NCM,556,1011,9.6,5.7,2.8,5.2,6,6,6,6,NA,NA,NA,NA,05/04/2023 09:06,0
05/04/2023 21:00,DCNN,4206,12,1,NCM,556,1011,8.8,7.9,NA,NA,6,6,NA,NA,NA,NA,NA,NA,05/04/2023 21:04,0
06/04/2023 09:00,DCNN,4206,12,1,NCM,556,1011,9.6,8.3,8,8.3,6,6,6,6,NA,NA,NA,NA,06/04/2023 09:05,0
06/04/2023 21:00,DCNN,4206,12,1,NCM,556,1011,13.1,7.1,NA,NA,6,6,NA,NA,NA,NA,NA,NA,06/04/2023 21:03,0
07/04/2023 09:00,DCNN,4206,12,1,NCM,556,1011,9.3,3.3,-1.4,-0.2,6,6,6,6,NA,NA,NA,NA,07/04/2023 09:05,0
07/04/2023 21:00,DCNN,4206,12,1,NCM,556,1011,14.6,6.7,NA,NA,6,6,NA,NA,NA,NA,NA,NA,07/04/2023 21:03,0
08/04/2023 09:00,DCNN,4206,12,1,NCM,556,1011,8.5,1.3,-5.6,-1.9,6,6,6,6,NA,NA,NA,NA,08/04/2023 09:05,0
08/04/2023 21:00,DCNN,4206,12,1,NCM,556,1011,15.4,7.6,NA,NA,6,6,NA,NA,NA,NA,NA,NA,08/04/2023 21:03,0
09/04/2023 09:00,DCNN,4206,12,1,NCM,556,1011,7.6,4,-0.4,2.6,6,6,6,6,NA,NA,NA,NA,09/04/2023 09:06,0
09/04/2023 21:00,DCNN,4206,12,1,NCM,556,1011,15.1,7.3,NA,NA,6,6,NA,NA,NA,NA,NA,NA,09/04/2023 21:03,0
10/04/2023 09:00,DCNN,4206,12,1,NCM,556,1011,11.7,8.4,7.9,8.3,6,6,6,6,NA,NA,NA,NA,10/04/2023 09:05,0
10/04/2023 21:00,DCNN,4206,12,1,NCM,556,1011,13.3,7.1,NA,NA,6,6,NA,NA,NA,NA,NA,NA,10/04/2023 21:03,0
11/04/2023 09:00,DCNN,4206,12,1,NCM,556,1011,8.9,4.4,1.6,1.6,6,6,6,6,NA,NA,NA,NA,11/04/2023 09:05,0
11/04/2023 21:00,DCNN,4206,12,1,NCM,556,1011,12.7,6.9,NA,NA,6,6,NA,NA,NA,NA,NA,NA,11/04/2023 21:03,0
12/04/2023 09:00,DCNN,4206,12,1,NCM,556,1011,8.3,2.4,0.1,0.6,6,6,6,6,NA,NA,NA,NA,12/04/2023 09:05,0
12/04/2023 21:00,DCNN,4206,12,1,NCM,556,1011,8.3,5.2,NA,NA,6,6,NA,NA,NA,NA,NA,NA,12/04/2023 21:03,0
13/04/2023 09:00,DCNN,4206,12,1,NCM,556,1011,7.9,4.7,3.3,3.5,6,6,6,6,NA,NA,NA,NA,13/04/2023 09:06,0
13/04/2023 21:00,DCNN,4206,12,1,NCM,556,1011,12,5.8,NA,NA,6,6,NA,NA,NA,NA,NA,NA,13/04/2023 21:03,0
14/04/2023 09:00,DCNN,4206,12,1,NCM,556,1011,5.8,0.2,-5.6,-2.7,6,6,6,6,NA,NA,NA,NA,14/04/2023 09:05,0
14/04/2023 21:00,DCNN,4206,12,1,NCM,556,1011,9.7,5.7,NA,NA,6,6,NA,NA,NA,NA,NA,NA,14/04/2023 21:03,0
15/04/2023 09:00,DCNN,4206,12,1,NCM,556,1011,7.6,5.2,3.8,4.6,6,6,6,6,NA,NA,NA,NA,15/04/2023 09:05,0
15/04/2023 21:00,DCNN,4206,12,1,NCM,556,1011,13.9,7.6,NA,NA,6,6,NA,NA,NA,NA,NA,NA,15/04/2023 21:03,0
16/04/2023 09:00,DCNN,4206,12,1,NCM,556,1011,10.3,5,-0.8,2.8,6,6,6,6,NA,NA,NA,NA,16/04/2023 09:05,0
16/04/2023 21:00,DCNN,4206,12,1,NCM,556,1011,12.3,9.8,NA,NA,6,6,NA,NA,NA,NA,NA,NA,16/04/2023 21:03,0
17/04/2023 09:00,DCNN,4206,12,1,NCM,556,1011,11.4,7.6,1.9,5.7,6,6,6,6,NA,NA,NA,NA,17/04/2023 09:05,0
17/04/2023 21:00,DCNN,4206,12,1,NCM,556,1011,16,6.5,NA,NA,6,6,NA,NA,NA,NA,NA,NA,17/04/2023 21:03,0
18/04/2023 09:00,DCNN,4206,12,1,NCM,556,1011,9.6,6.1,4,5.7,6,6,6,6,NA,NA,NA,NA,18/04/2023 09:05,0
18/04/2023 21:00,DCNN,4206,12,1,NCM,556,1011,14.3,7.3,NA,NA,6,6,NA,NA,NA,NA,NA,NA,18/04/2023 21:03,0
19/04/2023 09:00,DCNN,4206,12,1,NCM,556,1011,9.5,5.6,3.9,4.7,6,6,6,6,NA,NA,NA,NA,19/04/2023 09:04,0
19/04/2023 21:00,DCNN,4206,12,1,NCM,556,1011,15.3,6.4,NA,NA,6,6,NA,NA,NA,NA,NA,NA,19/04/2023 21:04,0
20/04/2023 09:00,DCNN,4206,12,1,NCM,556,1011,10.4,3.6,1.2,1.6,6,6,6,6,NA,NA,NA,NA,20/04/2023 09:07,0
20/04/2023 21:00,DCNN,4206,12,1,NCM,556,1011,14.4,7.6,NA,NA,6,6,NA,NA,NA,NA,NA,NA,20/04/2023 21:04,0
21/04/2023 09:00,DCNN,4206,12,1,NCM,556,1011,8,6.7,5.5,6.8,6,6,6,6,NA,NA,NA,NA,21/04/2023 09:08,0
21/04/2023 21:00,DCNN,4206,12,1,NCM,556,1011,12.5,7.7,NA,NA,6,6,NA,NA,NA,NA,NA,NA,21/04/2023 21:04,0
22/04/2023 09:00,DCNN,4206,12,1,NCM,556,1011,9.8,6.5,5.9,6.8,6,6,6,6,NA,NA,NA,NA,22/04/2023 09:07,0
22/04/2023 21:00,DCNN,4206,12,1,NCM,556,1011,12.7,9.6,NA,NA,6,6,NA,NA,NA,NA,NA,NA,22/04/2023 21:04,0
23/04/2023 09:00,DCNN,4206,12,1,NCM,556,1011,10.1,7.2,6.4,7.8,6,6,6,6,NA,NA,NA,NA,23/04/2023 09:07,0
23/04/2023 21:00,DCNN,4206,12,1,NCM,556,1011,10.6,7.9,NA,NA,6,6,NA,NA,NA,NA,NA,NA,23/04/2023 21:04,0
24/04/2023 09:00,DCNN,4206,12,1,NCM,556,1011,8.6,4.2,0.1,2.1,6,6,6,6,NA,NA,NA,NA,24/04/2023 09:07,0
24/04/2023 21:00,DCNN,4206,12,1,NCM,556,1011,10.5,4,NA,NA,6,6,NA,NA,NA,NA,NA,NA,24/04/2023 21:04,0
25/04/2023 09:00,DCNN,4206,12,1,NCM,556,1011,6.9,-0.3,-4.1,-2.1,6,6,6,6,NA,NA,NA,NA,25/04/2023 09:07,0
25/04/2023 21:00,DCNN,4206,12,1,NCM,556,1011,11.7,5.8,NA,NA,6,6,NA,NA,NA,NA,NA,NA,25/04/2023 21:05,0
26/04/2023 09:00,DCNN,4206,12,1,NCM,556,1011,8.3,2.3,-1.5,2.2,6,6,6,6,NA,NA,NA,NA,26/04/2023 09:07,0
26/04/2023 21:00,DCNN,4206,12,1,NCM,556,1011,12.5,6.8,NA,NA,6,6,NA,NA,NA,NA,NA,NA,26/04/2023 21:04,0
27/04/2023 09:00,DCNN,4206,12,1,NCM,556,1011,10.5,2.1,-3.9,-0.2,6,6,6,6,NA,NA,NA,NA,27/04/2023 09:08,0
27/04/2023 21:00,DCNN,4206,12,1,NCM,556,1011,11.5,6.8,NA,NA,6,6,NA,NA,NA,NA,NA,NA,27/04/2023 21:04,0
28/04/2023 09:00,DCNN,4206,12,1,NCM,556,1011,9.7,6.5,6.3,6.9,6,6,6,6,NA,NA,NA,NA,28/04/2023 09:07,0
28/04/2023 21:00,DCNN,4206,12,1,NCM,556,1011,12.4,7.3,NA,NA,6,6,NA,NA,NA,NA,NA,NA,28/04/2023 21:04,0
29/04/2023 09:00,DCNN,4206,12,1,NCM,556,1011,13.5,5.8,-0.5,3,6,6,6,6,NA,NA,NA,NA,29/04/2023 09:07,0
29/04/2023 21:00,DCNN,4206,12,1,NCM,556,1011,18.9,11.8,NA,NA,6,6,NA,NA,NA,NA,NA,NA,29/04/2023 21:03,0
30/04/2023 09:00,DCNN,4206,12,1,NCM,556,1011,13.6,10.5,9.4,10.7,6,6,6,6,NA,NA,NA,NA,30/04/2023 09:07,0
30/04/2023 21:00,DCNN,4206,12,1,NCM,556,1011,16.4,11.4,NA,NA,6,6,NA,NA,NA,NA,NA,NA,30/04/2023 21:05,0
01/05/2023 09:00,DCNN,4206,12,1,NCM,556,1011,12.7,9.1,7.6,8.2,6,6,6,6,NA,NA,NA,NA,01/05/2023 09:07,0
01/05/2023 21:00,DCNN,4206,12,1,NCM,556,1011,16.8,11.4,NA,NA,6,6,NA,NA,NA,NA,NA,NA,01/05/2023 21:04,0
02/05/2023 09:00,DCNN,4206,12,1,NCM,556,1011,11.5,7.7,7.5,8.7,6,6,6,6,NA,NA,NA,NA,02/05/2023 09:07,0
02/05/2023 21:00,DCNN,4206,12,1,NCM,556,1011,13.9,8.5,NA,NA,6,6,NA,NA,NA,NA,NA,NA,02/05/2023 21:04,0
03/05/2023 09:00,DCNN,4206,12,1,NCM,556,1011,11.6,3.4,-2.5,1.6,6,6,6,6,NA,NA,NA,NA,03/05/2023 09:07,0
03/05/2023 21:00,DCNN,4206,12,1,NCM,556,1011,14.7,7.4,NA,NA,6,6,NA,NA,NA,NA,NA,NA,03/05/2023 21:04,0
04/05/2023 09:00,DCNN,4206,12,1,NCM,556,1011,11.7,4.9,2.9,5,6,6,6,6,NA,NA,NA,NA,04/05/2023 09:08,0
04/05/2023 21:00,DCNN,4206,12,1,NCM,556,1011,15.8,9.9,NA,NA,6,6,NA,NA,NA,NA,NA,NA,04/05/2023 21:05,0
05/05/2023 09:00,DCNN,4206,12,1,NCM,556,1011,14.3,9.6,8.5,10.8,6,6,6,6,NA,NA,NA,NA,05/05/2023 09:08,0
05/05/2023 21:00,DCNN,4206,12,1,NCM,556,1011,19.7,12.2,NA,NA,6,6,NA,NA,NA,NA,NA,NA,05/05/2023 21:05,0
06/05/2023 09:00,DCNN,4206,12,1,NCM,556,1011,13.8,9.8,5.9,9.2,6,6,6,6,NA,NA,NA,NA,06/05/2023 09:07,0
06/05/2023 21:00,DCNN,4206,12,1,NCM,556,1011,15.5,13.1,NA,NA,6,6,NA,NA,NA,NA,NA,NA,06/05/2023 21:05,0
07/05/2023 09:00,DCNN,4206,12,1,NCM,556,1011,15.2,12.8,12.4,13.2,6,6,6,6,NA,NA,NA,NA,07/05/2023 09:07,0
07/05/2023 21:00,DCNN,4206,12,1,NCM,556,1011,20.1,14.6,NA,NA,6,6,NA,NA,NA,NA,NA,NA,07/05/2023 21:04,0
08/05/2023 09:00,DCNN,4206,12,1,NCM,556,1011,14.6,10.3,6.4,9.5,6,6,6,6,NA,NA,NA,NA,08/05/2023 09:06,0
08/05/2023 21:00,DCNN,4206,12,1,NCM,556,1011,14.5,11.6,NA,NA,6,6,NA,NA,NA,NA,NA,NA,08/05/2023 21:04,0
09/05/2023 09:00,DCNN,4206,12,1,NCM,556,1011,15.5,11.5,9.7,10.7,6,6,6,6,NA,NA,NA,NA,09/05/2023 09:08,0
09/05/2023 21:00,DCNN,4206,12,1,NCM,556,1011,18.5,12,NA,NA,6,6,NA,NA,NA,NA,NA,NA,09/05/2023 21:05,0
10/05/2023 09:00,DCNN,4206,12,1,NCM,556,1011,14.4,7.1,3.9,6.5,6,6,6,6,NA,NA,NA,NA,10/05/2023 09:07,0
10/05/2023 21:00,DCNN,4206,12,1,NCM,556,1011,16.3,11.4,NA,NA,6,6,NA,NA,NA,NA,NA,NA,10/05/2023 21:05,0
11/05/2023 09:00,DCNN,4206,12,1,NCM,556,1011,12.9,9.1,5.6,8.6,6,6,6,6,NA,NA,NA,NA,11/05/2023 09:08,0
11/05/2023 21:00,DCNN,4206,12,1,NCM,556,1011,15.3,11.2,NA,NA,6,6,NA,NA,NA,NA,NA,NA,11/05/2023 21:05,0
12/05/2023 09:00,DCNN,4206,12,1,NCM,556,1011,11.3,9,6.8,9.3,6,6,6,6,NA,NA,NA,NA,12/05/2023 09:07,0
12/05/2023 21:00,DCNN,4206,12,1,NCM,556,1011,13.1,9.2,NA,NA,6,6,NA,NA,NA,NA,NA,NA,12/05/2023 21:05,0
13/05/2023 09:00,DCNN,4206,12,1,NCM,556,1011,9.2,7.1,7.1,9,6,6,6,6,NA,NA,NA,NA,13/05/2023 09:08,0
13/05/2023 21:00,DCNN,4206,12,1,NCM,556,1011,15.5,8.5,NA,NA,6,6,NA,NA,NA,NA,NA,NA,13/05/2023 21:05,0
14/05/2023 09:00,DCNN,4206,12,1,NCM,556,1011,9.5,5,-0.7,4.9,6,6,6,6,NA,NA,NA,NA,14/05/2023 09:07,0
14/05/2023 21:00,DCNN,4206,12,1,NCM,556,1011,19.7,9.3,NA,NA,6,6,NA,NA,NA,NA,NA,NA,14/05/2023 21:05,0
15/05/2023 09:00,DCNN,4206,12,1,NCM,556,1011,13,6.7,2.2,6.7,6,6,6,6,NA,NA,NA,NA,15/05/2023 09:08,0
15/05/2023 21:00,DCNN,4206,12,1,NCM,556,1022,16,9.7,NA,NA,2006,2006,NA,NA,NA,NA,NA,NA,18/05/2023 13:43,0
16/05/2023 09:00,DCNN,4206,12,1,NCM,556,1011,13.1,6.6,1.6,5.1,6,6,6,6,NA,NA,NA,NA,16/05/2023 09:08,0
16/05/2023 21:00,DCNN,4206,12,1,NCM,556,1011,16,11.1,NA,NA,6,6,NA,NA,NA,NA,NA,NA,16/05/2023 21:05,0
17/05/2023 09:00,DCNN,4206,12,1,NCM,556,1011,12.9,7.6,3.5,5.7,6,6,6,6,NA,NA,NA,NA,17/05/2023 09:09,0
17/05/2023 21:00,DCNN,4206,12,1,NCM,556,1011,16.6,12.7,NA,NA,6,6,NA,NA,NA,NA,NA,NA,17/05/2023 21:04,0
18/05/2023 09:00,DCNN,4206,12,1,NCM,556,1011,16.1,10.2,5.9,9.1,6,6,6,6,NA,NA,NA,NA,18/05/2023 09:08,0
18/05/2023 21:00,DCNN,4206,12,1,NCM,556,1011,19.1,15.1,NA,NA,6,6,NA,NA,NA,NA,NA,NA,18/05/2023 21:05,0
19/05/2023 09:00,DCNN,4206,12,1,NCM,556,1011,15.1,10.7,8,10.4,6,6,6,6,NA,NA,NA,NA,19/05/2023 09:07,0
19/05/2023 21:00,DCNN,4206,12,1,NCM,556,1011,17.1,12.7,NA,NA,6,6,NA,NA,NA,NA,NA,NA,19/05/2023 21:04,0
20/05/2023 09:00,DCNN,4206,12,1,NCM,556,1011,13.4,5.2,-1.3,2.9,6,6,6,6,NA,NA,NA,NA,20/05/2023 09:08,0
20/05/2023 21:00,DCNN,4206,12,1,NCM,556,1011,18.3,10.8,NA,NA,6,6,NA,NA,NA,NA,NA,NA,20/05/2023 21:04,0
21/05/2023 09:00,DCNN,4206,12,1,NCM,556,1011,15.7,5.2,-1.9,2.6,6,6,6,6,NA,NA,NA,NA,21/05/2023 09:07,0
21/05/2023 21:00,DCNN,4206,12,1,NCM,556,1011,19.5,11.3,NA,NA,6,6,NA,NA,NA,NA,NA,NA,21/05/2023 21:05,0
22/05/2023 09:00,DCNN,4206,12,1,NCM,556,1011,14.4,8.8,2.5,6.4,6,6,6,6,NA,NA,NA,NA,22/05/2023 09:07,0
22/05/2023 21:00,DCNN,4206,12,1,NCM,556,1011,21.2,12.3,NA,NA,6,6,NA,NA,NA,NA,NA,NA,22/05/2023 21:05,0
23/05/2023 09:00,DCNN,4206,12,1,NCM,556,1011,13.4,8.8,2.9,7,6,6,6,6,NA,NA,NA,NA,23/05/2023 09:07,0
23/05/2023 21:00,DCNN,4206,12,1,NCM,556,1011,17.9,13,NA,NA,6,6,NA,NA,NA,NA,NA,NA,23/05/2023 21:05,0
24/05/2023 09:00,DCNN,4206,12,1,NCM,556,1011,15.5,9.1,3.8,7.8,6,6,6,6,NA,NA,NA,NA,24/05/2023 09:07,0
24/05/2023 21:00,DCNN,4206,12,1,NCM,556,1011,20.9,13.9,NA,NA,6,6,NA,NA,NA,NA,NA,NA,24/05/2023 21:04,0
25/05/2023 09:00,DCNN,4206,12,1,NCM,556,1011,14.9,11.4,9.3,12.3,6,6,6,6,NA,NA,NA,NA,25/05/2023 09:08,0
25/05/2023 21:00,DCNN,4206,12,1,NCM,556,1011,19.3,14.1,NA,NA,6,6,NA,NA,NA,NA,NA,NA,25/05/2023 21:05,0
26/05/2023 09:00,DCNN,4206,12,1,NCM,556,1011,15.2,9.3,4.7,9,6,6,6,6,NA,NA,NA,NA,26/05/2023 09:07,0
26/05/2023 21:00,DCNN,4206,12,1,NCM,556,1011,19.6,12.9,NA,NA,6,6,NA,NA,NA,NA,NA,NA,26/05/2023 21:05,0
27/05/2023 09:00,DCNN,4206,12,1,NCM,556,1011,14.7,6.2,0,4.6,6,6,6,6,NA,NA,NA,NA,27/05/2023 09:08,0
27/05/2023 21:00,DCNN,4206,12,1,NCM,556,1011,21.9,14.2,NA,NA,6,6,NA,NA,NA,NA,NA,NA,27/05/2023 21:05,0
28/05/2023 09:00,DCNN,4206,12,1,NCM,556,1011,16.8,12.4,6.7,11.4,6,6,6,6,NA,NA,NA,NA,28/05/2023 09:07,0
28/05/2023 21:00,DCNN,4206,12,1,NCM,556,1011,18.8,11.1,NA,NA,6,6,NA,NA,NA,NA,NA,NA,28/05/2023 21:04,0
29/05/2023 09:00,DCNN,4206,12,1,NCM,556,1011,12.6,6.4,1.2,5.4,6,6,6,6,NA,NA,NA,NA,29/05/2023 09:07,0
29/05/2023 21:00,DCNN,4206,12,1,NCM,556,1011,16.6,10.2,NA,NA,6,6,NA,NA,NA,NA,NA,NA,29/05/2023 21:04,0
30/05/2023 09:00,DCNN,4206,12,1,NCM,556,1011,11.8,6.7,1.3,6.2,6,6,6,6,NA,NA,NA,NA,30/05/2023 09:08,0
30/05/2023 21:00,DCNN,4206,12,1,NCM,556,1011,15.2,11.2,NA,NA,6,6,NA,NA,NA,NA,NA,NA,30/05/2023 21:04,0
31/05/2023 09:00,DCNN,4206,12,1,NCM,556,1011,11.2,9.1,8.6,9.5,6,6,6,6,NA,NA,NA,NA,31/05/2023 09:07,0
31/05/2023 21:00,DCNN,4206,12,1,NCM,556,1011,12.5,10.1,NA,NA,6,6,NA,NA,NA,NA,NA,NA,31/05/2023 21:04,0
01/06/2023 09:00,DCNN,4206,12,1,NCM,556,1011,11.2,9.1,8.9,9.8,6,6,6,6,NA,NA,NA,NA,01/06/2023 09:08,0
01/06/2023 21:00,DCNN,4206,12,1,NCM,556,1011,14.3,10.9,NA,NA,6,6,NA,NA,NA,NA,NA,NA,01/06/2023 21:05,0
02/06/2023 09:00,DCNN,4206,12,1,NCM,556,1011,12.6,8.8,8.6,9.7,6,6,6,6,NA,NA,NA,NA,02/06/2023 09:08,0
02/06/2023 21:00,DCNN,4206,12,1,NCM,556,1011,18,10.1,NA,NA,6,6,NA,NA,NA,NA,NA,NA,02/06/2023 21:04,0
03/06/2023 09:00,DCNN,4206,12,1,NCM,556,1011,13.2,7.2,4.4,7.4,6,6,6,6,NA,NA,NA,NA,03/06/2023 09:09,0
03/06/2023 21:00,DCNN,4206,12,1,NCM,556,1011,19.5,11.5,NA,NA,6,6,NA,NA,NA,NA,NA,NA,03/06/2023 21:05,0
04/06/2023 09:00,DCNN,4206,12,1,NCM,556,1011,12.7,6.6,1.8,5.3,6,6,6,6,NA,NA,NA,NA,04/06/2023 09:07,0
04/06/2023 21:00,DCNN,4206,12,1,NCM,556,1011,18.5,11.7,NA,NA,6,6,NA,NA,NA,NA,NA,NA,04/06/2023 21:05,0
05/06/2023 09:00,DCNN,4206,12,1,NCM,556,1011,11.7,10.1,9.9,11.3,6,6,6,6,NA,NA,NA,NA,05/06/2023 09:07,0
05/06/2023 21:00,DCNN,4206,12,1,NCM,556,1011,16.3,10.8,NA,NA,6,6,NA,NA,NA,NA,NA,NA,05/06/2023 21:05,0
06/06/2023 09:00,DCNN,4206,12,1,NCM,556,1011,10.8,9.3,9.3,10.6,6,6,6,6,NA,NA,NA,NA,06/06/2023 09:07,0
06/06/2023 21:00,DCNN,4206,12,1,NCM,556,1011,13,10.5,NA,NA,6,6,NA,NA,NA,NA,NA,NA,06/06/2023 21:05,0
07/06/2023 09:00,DCNN,4206,12,1,NCM,556,1011,11.2,8.8,8.5,9.5,6,6,6,6,NA,NA,NA,NA,07/06/2023 09:08,0
07/06/2023 21:00,DCNN,4206,12,1,NCM,556,1011,16.5,11.2,NA,NA,6,6,NA,NA,NA,NA,NA,NA,07/06/2023 21:05,0
08/06/2023 09:00,DCNN,4206,12,1,NCM,556,1011,11.3,9.2,9.1,10,6,6,6,6,NA,NA,NA,NA,08/06/2023 09:09,0
08/06/2023 21:00,DCNN,4206,12,1,NCM,556,1011,18,10.7,NA,NA,6,6,NA,NA,NA,NA,NA,NA,08/06/2023 21:05,0
09/06/2023 09:00,DCNN,4206,12,1,NCM,556,1011,14,9.9,8.9,10,6,6,6,6,NA,NA,NA,NA,09/06/2023 09:08,0
09/06/2023 21:00,DCNN,4206,12,1,NCM,556,1011,19.7,12.2,NA,NA,6,6,NA,NA,NA,NA,NA,NA,09/06/2023 21:05,0
10/06/2023 09:00,DCNN,4206,12,1,NCM,556,1011,17.6,9.9,8.3,10.1,6,6,6,6,NA,NA,NA,NA,10/06/2023 09:08,0
10/06/2023 21:00,DCNN,4206,12,1,NCM,556,1011,29,17.6,NA,NA,6,6,NA,NA,NA,NA,NA,NA,10/06/2023 21:05,0
11/06/2023 09:00,DCNN,4206,12,1,NCM,556,1011,20.6,13.6,12.7,14,6,6,6,6,NA,NA,NA,NA,11/06/2023 09:08,0
11/06/2023 21:00,DCNN,4206,12,1,NCM,556,1011,29.1,20.4,NA,NA,6,6,NA,NA,NA,NA,NA,NA,11/06/2023 21:05,0
12/06/2023 09:00,DCNN,4206,12,1,NCM,556,1011,22.9,15.8,11.8,13.9,6,6,6,6,NA,NA,NA,NA,12/06/2023 09:08,0
12/06/2023 21:00,DCNN,4206,12,1,NCM,556,1011,28.9,18.1,NA,NA,6,6,NA,NA,NA,NA,NA,NA,12/06/2023 21:05,0
13/06/2023 09:00,DCNN,4206,12,1,NCM,556,1011,21.7,12.9,8.6,10.6,6,6,6,6,NA,NA,NA,NA,13/06/2023 09:08,0
13/06/2023 21:00,DCNN,4206,12,1,NCM,556,1011,27.2,17.9,NA,NA,6,6,NA,NA,NA,NA,NA,NA,13/06/2023 21:05,0
14/06/2023 09:00,DCNN,4206,12,1,NCM,556,1011,19.4,10.5,5.7,8.5,6,6,6,6,NA,NA,NA,NA,14/06/2023 09:08,0
14/06/2023 21:00,DCNN,4206,12,1,NCM,556,1011,24.9,16.5,NA,NA,6,6,NA,NA,NA,NA,NA,NA,14/06/2023 21:05,0
15/06/2023 09:00,DCNN,4206,12,1,NCM,556,1011,19,11.1,6.8,9.9,6,6,6,6,NA,NA,NA,NA,15/06/2023 09:07,0
15/06/2023 21:00,DCNN,4206,12,1,NCM,556,1011,26.1,18.3,NA,NA,6,6,NA,NA,NA,NA,NA,NA,15/06/2023 21:05,0
16/06/2023 09:00,DCNN,4206,12,1,NCM,556,1011,21.2,10.7,5.8,9.5,6,6,6,6,NA,NA,NA,NA,16/06/2023 09:07,0
16/06/2023 21:00,DCNN,4206,12,1,NCM,556,1011,25.9,18.9,NA,NA,6,6,NA,NA,NA,NA,NA,NA,16/06/2023 21:05,0
17/06/2023 09:00,DCNN,4206,12,1,NCM,556,1011,18.9,11.5,5.6,9.4,6,6,6,6,NA,NA,NA,NA,17/06/2023 09:07,0
17/06/2023 21:00,DCNN,4206,12,1,NCM,556,1011,23.1,17.8,NA,NA,6,6,NA,NA,NA,NA,NA,NA,17/06/2023 21:05,0
18/06/2023 09:00,DCNN,4206,12,1,NCM,556,1011,17.8,12.7,11.9,13.3,6,6,6,6,NA,NA,NA,NA,18/06/2023 09:07,0
18/06/2023 21:00,DCNN,4206,12,1,NCM,556,1011,23.6,15.7,NA,NA,6,6,NA,NA,NA,NA,NA,NA,18/06/2023 21:05,0
19/06/2023 09:00,DCNN,4206,12,1,NCM,556,1011,18.6,14.1,13.3,13.6,6,6,6,6,NA,NA,NA,NA,19/06/2023 09:08,0
19/06/2023 21:00,DCNN,4206,12,1,NCM,556,1011,24.5,17.7,NA,NA,6,6,NA,NA,NA,NA,NA,NA,19/06/2023 21:05,0
20/06/2023 09:00,DCNN,4206,12,1,NCM,556,1011,19.3,13,8.6,11.6,6,6,6,6,NA,NA,NA,NA,20/06/2023 09:07,0
20/06/2023 21:00,DCNN,4206,12,1,NCM,556,1011,20.4,15,NA,NA,6,6,NA,NA,NA,NA,NA,NA,20/06/2023 21:05,0
21/06/2023 09:00,DCNN,4206,12,1,NCM,556,1011,19,13.3,10.2,11.3,6,6,6,6,NA,NA,NA,NA,21/06/2023 09:08,0
21/06/2023 21:00,DCNN,4206,12,1,NCM,556,1011,24.4,18.1,NA,NA,6,6,NA,NA,NA,NA,NA,NA,21/06/2023 21:05,0
22/06/2023 09:00,DCNN,4206,12,1,NCM,556,1011,21,15.4,11.4,14.2,6,6,6,6,NA,NA,NA,NA,22/06/2023 09:08,0
22/06/2023 21:00,DCNN,4206,12,1,NCM,556,1011,24.4,17.7,NA,NA,6,6,NA,NA,NA,NA,NA,NA,22/06/2023 21:05,0
23/06/2023 09:00,DCNN,4206,12,1,NCM,556,1011,18.7,13.7,9.8,12.4,6,6,6,6,NA,NA,NA,NA,23/06/2023 09:07,0
23/06/2023 21:00,DCNN,4206,12,1,NCM,556,1011,23.7,17.7,NA,NA,6,6,NA,NA,NA,NA,NA,NA,23/06/2023 21:04,0
24/06/2023 09:00,DCNN,4206,12,1,NCM,556,1011,20.8,16.6,14.8,15.8,6,6,6,6,NA,NA,NA,NA,24/06/2023 09:07,0
24/06/2023 21:00,DCNN,4206,12,1,NCM,556,1011,26.7,20.2,NA,NA,6,6,NA,NA,NA,NA,NA,NA,24/06/2023 21:04,0
25/06/2023 09:00,DCNN,4206,12,1,NCM,556,1011,24.5,17.4,12.8,14.9,6,6,6,6,NA,NA,NA,NA,25/06/2023 09:08,0
25/06/2023 21:00,DCNN,4206,12,1,NCM,556,1011,29.2,17.5,NA,NA,6,6,NA,NA,NA,NA,NA,NA,25/06/2023 21:05,0
26/06/2023 09:00,DCNN,4206,12,1,NCM,556,1011,18.2,11.8,10.2,10.7,6,6,6,6,NA,NA,NA,NA,26/06/2023 09:07,0
26/06/2023 21:00,DCNN,4206,12,1,NCM,556,1011,21.5,16.1,NA,NA,6,6,NA,NA,NA,NA,NA,NA,26/06/2023 21:05,0
27/06/2023 09:00,DCNN,4206,12,1,NCM,556,1011,16.1,12.5,9.2,11.2,6,6,6,6,NA,NA,NA,NA,27/06/2023 09:08,0
27/06/2023 21:00,DCNN,4206,12,1,NCM,556,1011,18.3,14.6,NA,NA,6,6,NA,NA,NA,NA,NA,NA,27/06/2023 21:05,0
28/06/2023 09:00,DCNN,4206,12,1,NCM,556,1011,19.6,16.9,15.6,16,6,6,6,6,NA,NA,NA,NA,28/06/2023 09:08,0
28/06/2023 21:00,DCNN,4206,12,1,NCM,556,1011,23.6,15.8,NA,NA,6,6,NA,NA,NA,NA,NA,NA,28/06/2023 21:04,0
29/06/2023 09:00,DCNN,4206,12,1,NCM,556,1011,17.1,13,11.3,12.4,6,6,6,6,NA,NA,NA,NA,29/06/2023 09:07,0
29/06/2023 21:00,DCNN,4206,12,1,NCM,556,1011,20.4,14.6,NA,NA,6,6,NA,NA,NA,NA,NA,NA,29/06/2023 21:06,0
30/06/2023 09:00,DCNN,4206,12,1,NCM,556,1011,14.7,10.1,5.1,8.9,6,6,6,6,NA,NA,NA,NA,30/06/2023 09:07,0
30/06/2023 21:00,DCNN,4206,12,1,NCM,556,1011,17.5,14.7,NA,NA,6,6,NA,NA,NA,NA,NA,NA,30/06/2023 21:05,0
01/07/2023 09:00,DCNN,4206,12,1,NCM,556,1011,16.6,14.4,14,14.4,6,6,6,6,NA,NA,NA,NA,01/07/2023 09:07,0
01/07/2023 21:00,DCNN,4206,12,1,NCM,556,1011,19.5,14.7,NA,NA,6,6,NA,NA,NA,NA,NA,NA,01/07/2023 21:05,0
02/07/2023 09:00,DCNN,4206,12,1,NCM,556,1011,16,11,9.3,9.9,6,6,6,6,NA,NA,NA,NA,02/07/2023 09:07,0
02/07/2023 21:00,DCNN,4206,12,1,NCM,556,1011,18.4,13.2,NA,NA,6,6,NA,NA,NA,NA,NA,NA,02/07/2023 21:05,0
03/07/2023 09:00,DCNN,4206,12,1,NCM,556,1011,15.8,9.8,7.1,8,6,6,6,6,NA,NA,NA,NA,03/07/2023 09:08,0
03/07/2023 21:00,DCNN,4206,12,1,NCM,556,1011,16.6,11.9,NA,NA,6,6,NA,NA,NA,NA,NA,NA,03/07/2023 21:05,0
04/07/2023 09:00,DCNN,4206,12,1,NCM,556,1011,15.8,9.6,6.3,7.3,6,6,6,6,NA,NA,NA,NA,04/07/2023 09:08,0
04/07/2023 21:00,DCNN,4206,12,1,NCM,556,1011,19.2,13.6,NA,NA,6,6,NA,NA,NA,NA,NA,NA,04/07/2023 21:05,0
05/07/2023 09:00,DCNN,4206,12,1,NCM,556,1011,14.8,10.6,8.2,9.4,6,6,6,6,NA,NA,NA,NA,05/07/2023 09:08,0
05/07/2023 21:00,DCNN,4206,12,1,NCM,556,1011,18.1,14.6,NA,NA,6,6,NA,NA,NA,NA,NA,NA,05/07/2023 21:05,0
06/07/2023 09:00,DCNN,4206,12,1,NCM,556,1011,16.9,11.2,8.9,9.7,6,6,6,6,NA,NA,NA,NA,06/07/2023 09:08,0
06/07/2023 21:00,DCNN,4206,12,1,NCM,556,1011,21.1,15.8,NA,NA,6,6,NA,NA,NA,NA,NA,NA,06/07/2023 21:05,0
07/07/2023 09:00,DCNN,4206,12,1,NCM,556,1011,19.7,12.8,10.9,11.1,6,6,6,6,NA,NA,NA,NA,07/07/2023 09:08,0
07/07/2023 21:00,DCNN,4206,12,1,NCM,556,1011,27.3,19.4,NA,NA,6,6,NA,NA,NA,NA,NA,NA,07/07/2023 21:05,0
08/07/2023 09:00,DCNN,4206,12,1,NCM,556,1011,23.3,16.3,14.2,14.7,6,6,6,6,NA,NA,NA,NA,08/07/2023 09:11,0
08/07/2023 21:00,DCNN,4206,12,1,NCM,556,1011,24.9,17.3,NA,NA,6,6,NA,NA,NA,NA,NA,NA,08/07/2023 21:05,0
09/07/2023 09:00,DCNN,4206,12,1,NCM,556,1011,17.3,15.4,14.5,14.6,6,6,6,6,NA,NA,NA,NA,09/07/2023 09:07,0
09/07/2023 21:00,DCNN,4206,12,1,NCM,556,1011,23.5,15.2,NA,NA,6,6,NA,NA,NA,NA,NA,NA,09/07/2023 21:05,0
10/07/2023 09:00,DCNN,4206,12,1,NCM,556,1011,17.8,12.1,9.3,10.6,6,6,6,6,NA,NA,NA,NA,10/07/2023 09:10,0
10/07/2023 21:00,DCNN,4206,12,1,NCM,556,1011,20.7,16.3,NA,NA,6,6,NA,NA,NA,NA,NA,NA,10/07/2023 21:05,0
11/07/2023 09:00,DCNN,4206,12,1,NCM,556,1011,16.6,14.2,13.9,14.5,6,6,6,6,NA,NA,NA,NA,11/07/2023 09:09,0
11/07/2023 21:00,DCNN,4206,12,1,NCM,556,1011,19.2,14.1,NA,NA,6,6,NA,NA,NA,NA,NA,NA,11/07/2023 21:05,0
12/07/2023 09:00,DCNN,4206,12,1,NCM,556,1011,16.4,11.1,7.4,8.4,6,6,6,6,NA,NA,NA,NA,12/07/2023 09:10,0
12/07/2023 21:00,DCNN,4206,12,1,NCM,556,1011,20.6,15.4,NA,NA,6,6,NA,NA,NA,NA,NA,NA,12/07/2023 21:05,0
13/07/2023 09:00,DCNN,4206,12,1,NCM,556,1011,17.4,11.6,9.4,9.7,6,6,6,6,NA,NA,NA,NA,13/07/2023 09:07,0
13/07/2023 21:00,DCNN,4206,12,1,NCM,556,1011,22,16.3,NA,NA,6,6,NA,NA,NA,NA,NA,NA,13/07/2023 21:05,0
14/07/2023 09:00,DCNN,4206,12,1,NCM,556,1011,16.3,11.5,6.8,10.3,6,6,6,6,NA,NA,NA,NA,14/07/2023 09:09,0
14/07/2023 21:00,DCNN,4206,12,1,NCM,556,1011,16.6,14.2,NA,NA,6,6,NA,NA,NA,NA,NA,NA,14/07/2023 21:05,0
15/07/2023 09:00,DCNN,4206,12,1,NCM,556,1011,17.5,13.5,12.1,12,6,6,6,6,NA,NA,NA,NA,15/07/2023 09:09,0
15/07/2023 21:00,DCNN,4206,12,1,NCM,556,1011,20.4,14.1,NA,NA,6,6,NA,NA,NA,NA,NA,NA,15/07/2023 21:05,0
16/07/2023 09:00,DCNN,4206,12,1,NCM,556,1011,16.9,13.1,12.7,13,6,6,6,6,NA,NA,NA,NA,16/07/2023 09:07,0
16/07/2023 21:00,DCNN,4206,12,1,NCM,556,1011,19.8,14.9,NA,NA,6,6,NA,NA,NA,NA,NA,NA,16/07/2023 21:05,0
17/07/2023 09:00,DCNN,4206,12,1,NCM,556,1011,15.8,11.4,9.6,9.7,6,6,6,6,NA,NA,NA,NA,17/07/2023 09:07,0
17/07/2023 21:00,DCNN,4206,12,1,NCM,556,1011,19.6,14.9,NA,NA,6,6,NA,NA,NA,NA,NA,NA,17/07/2023 21:05,0
18/07/2023 09:00,DCNN,4206,12,1,NCM,556,1011,15.3,11.2,6.7,9.6,6,6,6,6,NA,NA,NA,NA,18/07/2023 09:08,0
18/07/2023 21:00,DCNN,4206,12,1,NCM,556,1011,16.5,13.8,NA,NA,6,6,NA,NA,NA,NA,NA,NA,18/07/2023 21:04,0
19/07/2023 09:00,DCNN,4206,12,1,NCM,556,1011,16.6,13.7,12.8,14.3,6,6,6,6,NA,NA,NA,NA,19/07/2023 09:09,0
19/07/2023 21:00,DCNN,4206,12,1,NCM,556,1011,20.8,14.3,NA,NA,6,6,NA,NA,NA,NA,NA,NA,19/07/2023 21:04,0
20/07/2023 09:00,DCNN,4206,12,1,NCM,556,1011,15,10.1,5.8,8.8,6,6,6,6,NA,NA,NA,NA,20/07/2023 09:08,0
20/07/2023 21:00,DCNN,4206,12,1,NCM,556,1011,19.8,13.7,NA,NA,6,6,NA,NA,NA,NA,NA,NA,20/07/2023 21:05,0
21/07/2023 09:00,DCNN,4206,12,1,NCM,556,1011,14.9,9.8,8,9,6,6,6,6,NA,NA,NA,NA,21/07/2023 09:09,0
21/07/2023 21:00,DCNN,4206,12,1,NCM,556,1011,19.4,13.5,NA,NA,6,6,NA,NA,NA,NA,NA,NA,21/07/2023 21:05,0
22/07/2023 09:00,DCNN,4206,12,1,NCM,556,1011,14.9,12.3,11.8,12.5,6,6,6,6,NA,NA,NA,NA,22/07/2023 09:07,0
22/07/2023 21:00,DCNN,4206,12,1,NCM,556,1011,16.4,13.6,NA,NA,6,6,NA,NA,NA,NA,NA,NA,22/07/2023 21:05,0
23/07/2023 09:00,DCNN,4206,12,1,NCM,556,1011,18.2,15.2,14.9,15.2,6,6,6,6,NA,NA,NA,NA,23/07/2023 09:07,0
23/07/2023 21:00,DCNN,4206,12,1,NCM,556,1011,22.4,13.7,NA,NA,6,6,NA,NA,NA,NA,NA,NA,23/07/2023 21:05,0
24/07/2023 09:00,DCNN,4206,12,1,NCM,556,1011,13.7,11.1,10.7,11.8,6,6,6,6,NA,NA,NA,NA,24/07/2023 09:07,0
24/07/2023 21:00,DCNN,4206,12,1,NCM,556,1011,19.4,12.7,NA,NA,6,6,NA,NA,NA,NA,NA,NA,24/07/2023 21:05,0
25/07/2023 09:00,DCNN,4206,12,1,NCM,556,1011,15.3,10,7.3,9.1,6,6,6,6,NA,NA,NA,NA,25/07/2023 09:07,0
25/07/2023 21:00,DCNN,4206,12,1,NCM,556,1011,18.6,13.2,NA,NA,6,6,NA,NA,NA,NA,NA,NA,25/07/2023 21:04,0
26/07/2023 09:00,DCNN,4206,12,1,NCM,556,1011,15.4,9.2,6.2,8.5,6,6,6,6,NA,NA,NA,NA,26/07/2023 09:07,0
26/07/2023 21:00,DCNN,4206,12,1,NCM,556,1011,21.7,13.7,NA,NA,6,6,NA,NA,NA,NA,NA,NA,26/07/2023 21:05,0
27/07/2023 09:00,DCNN,4206,12,1,NCM,556,1011,19,14.2,13.4,14.9,6,6,6,6,NA,NA,NA,NA,27/07/2023 09:07,0
27/07/2023 21:00,DCNN,4206,12,1,NCM,556,1011,22.5,16.8,NA,NA,6,6,NA,NA,NA,NA,NA,NA,27/07/2023 21:05,0
28/07/2023 09:00,DCNN,4206,12,1,NCM,556,1011,17,14.1,9.9,12.8,6,6,6,6,NA,NA,NA,NA,28/07/2023 09:08,0
28/07/2023 21:00,DCNN,4206,12,1,NCM,556,1011,22.4,16.9,NA,NA,6,6,NA,NA,NA,NA,NA,NA,28/07/2023 21:06,0
29/07/2023 09:00,DCNN,4206,12,1,NCM,556,1011,18.4,13.7,12.4,13.3,6,6,6,6,NA,NA,NA,NA,29/07/2023 09:07,0
29/07/2023 21:00,DCNN,4206,12,1,NCM,556,1011,21.7,16.7,NA,NA,6,6,NA,NA,NA,NA,NA,NA,29/07/2023 21:05,0
30/07/2023 09:00,DCNN,4206,12,1,NCM,556,1011,17,12.9,11.2,11.7,6,6,6,6,NA,NA,NA,NA,30/07/2023 09:08,0
30/07/2023 21:00,DCNN,4206,12,1,NCM,556,1011,19.4,14.8,NA,NA,6,6,NA,NA,NA,NA,NA,NA,30/07/2023 21:05,0
31/07/2023 09:00,DCNN,4206,12,1,NCM,556,1011,16.7,15.2,14.7,15.7,6,6,6,6,NA,NA,NA,NA,31/07/2023 09:07,0
31/07/2023 21:00,DCNN,4206,12,1,NCM,556,1011,17.8,15.2,NA,NA,6,6,NA,NA,NA,NA,NA,NA,31/07/2023 21:05,0
01/08/2023 09:00,DCNN,4206,12,1,NCM,556,1011,15.2,13.2,12,12.2,6,6,6,6,NA,NA,NA,NA,01/08/2023 09:08,0
01/08/2023 21:00,DCNN,4206,12,1,NCM,556,1011,18.2,14,NA,NA,6,6,NA,NA,NA,NA,NA,NA,01/08/2023 21:05,0
02/08/2023 09:00,DCNN,4206,12,1,NCM,556,1011,16.4,13.1,8.4,13.4,6,6,6,6,NA,NA,NA,NA,02/08/2023 09:08,0
02/08/2023 21:00,DCNN,4206,12,1,NCM,556,1011,21.8,14.5,NA,NA,6,6,NA,NA,NA,NA,NA,NA,02/08/2023 21:05,0
03/08/2023 09:00,DCNN,4206,12,1,NCM,556,1011,17.5,11.7,9.6,10.2,6,6,6,6,NA,NA,NA,NA,03/08/2023 09:08,0
03/08/2023 21:00,DCNN,4206,12,1,NCM,556,1011,20.9,15.1,NA,NA,6,6,NA,NA,NA,NA,NA,NA,03/08/2023 21:04,0
04/08/2023 09:00,DCNN,4206,12,1,NCM,556,1011,16.5,14.3,13.2,13.8,6,6,6,6,NA,NA,NA,NA,04/08/2023 09:08,0
04/08/2023 21:00,DCNN,4206,12,1,NCM,556,1011,19,14.1,NA,NA,6,6,NA,NA,NA,NA,NA,NA,04/08/2023 21:05,0
05/08/2023 09:00,DCNN,4206,12,1,NCM,556,1011,14.1,10.8,10.2,12.1,6,6,6,6,NA,NA,NA,NA,05/08/2023 09:10,0
05/08/2023 21:00,DCNN,4206,12,1,NCM,556,1011,13.4,10.8,NA,NA,6,6,NA,NA,NA,NA,NA,NA,05/08/2023 21:05,0
06/08/2023 09:00,DCNN,4206,12,1,NCM,556,1011,14.4,8.9,6.2,6.9,6,6,6,6,NA,NA,NA,NA,06/08/2023 09:08,0
06/08/2023 21:00,DCNN,4206,12,1,NCM,556,1011,19.6,13.5,NA,NA,6,6,NA,NA,NA,NA,NA,NA,06/08/2023 21:06,0
07/08/2023 09:00,DCNN,4206,12,1,NCM,556,1011,16,9.8,4.9,7.7,6,6,6,6,NA,NA,NA,NA,07/08/2023 09:08,0
07/08/2023 21:00,DCNN,4206,12,1,NCM,556,1011,19,12.5,NA,NA,6,6,NA,NA,NA,NA,NA,NA,07/08/2023 21:06,0
08/08/2023 09:00,DCNN,4206,12,1,NCM,556,1011,16.3,9.6,6.6,8.7,6,6,6,6,NA,NA,NA,NA,08/08/2023 09:09,0
08/08/2023 21:00,DCNN,4206,12,1,NCM,556,1011,18.9,14.1,NA,NA,6,6,NA,NA,NA,NA,NA,NA,08/08/2023 21:05,0
09/08/2023 09:00,DCNN,4206,12,1,NCM,556,1011,16.4,9.6,4.3,7.3,6,6,6,6,NA,NA,NA,NA,09/08/2023 09:09,0
09/08/2023 21:00,DCNN,4206,12,1,NCM,556,1011,22.5,16.2,NA,NA,6,6,NA,NA,NA,NA,NA,NA,09/08/2023 21:05,0
10/08/2023 09:00,DCNN,4206,12,1,NCM,556,1011,22.4,14.5,10.9,13.5,6,6,6,6,NA,NA,NA,NA,10/08/2023 09:08,0
10/08/2023 21:00,DCNN,4206,12,1,NCM,556,1011,27.3,22.1,NA,NA,6,6,NA,NA,NA,NA,NA,NA,10/08/2023 21:05,0
11/08/2023 09:00,DCNN,4206,12,1,NCM,556,1011,22.3,17.6,16.6,17.3,6,6,6,6,NA,NA,NA,NA,11/08/2023 09:07,0
11/08/2023 21:00,DCNN,4206,12,1,NCM,556,1011,24.3,18.6,NA,NA,6,6,NA,NA,NA,NA,NA,NA,11/08/2023 21:05,0
12/08/2023 09:00,DCNN,4206,12,1,NCM,556,1011,18.6,13.4,8.8,12.1,6,6,6,6,NA,NA,NA,NA,12/08/2023 09:07,0
12/08/2023 21:00,DCNN,4206,12,1,NCM,556,1011,21.5,17.2,NA,NA,6,6,NA,NA,NA,NA,NA,NA,12/08/2023 21:05,0
13/08/2023 09:00,DCNN,4206,12,1,NCM,556,1011,17.2,13.9,12.2,12.5,6,6,6,6,NA,NA,NA,NA,13/08/2023 09:07,0
13/08/2023 21:00,DCNN,4206,12,1,NCM,556,1011,20.5,15.1,NA,NA,6,6,NA,NA,NA,NA,NA,NA,13/08/2023 21:05,0
14/08/2023 09:00,DCNN,4206,12,1,NCM,556,1011,16.2,14,11.4,14.5,6,6,6,6,NA,NA,NA,NA,14/08/2023 09:07,0
14/08/2023 21:00,DCNN,4206,12,1,NCM,556,1011,21.7,15,NA,NA,6,6,NA,NA,NA,NA,NA,NA,14/08/2023 21:05,0
15/08/2023 09:00,DCNN,4206,12,1,NCM,556,1011,17.1,11.6,9.1,9.9,6,6,6,6,NA,NA,NA,NA,15/08/2023 09:07,0
15/08/2023 21:00,DCNN,4206,12,1,NCM,556,1011,21.9,15.9,NA,NA,6,6,NA,NA,NA,NA,NA,NA,15/08/2023 21:05,0
16/08/2023 09:00,DCNN,4206,12,1,NCM,556,1011,18.4,11.2,5.6,9.2,6,6,6,6,NA,NA,NA,NA,16/08/2023 09:07,0
16/08/2023 21:00,DCNN,4206,12,1,NCM,556,1011,24,16.8,NA,NA,6,6,NA,NA,NA,NA,NA,NA,16/08/2023 21:05,0
17/08/2023 09:00,DCNN,4206,12,1,NCM,556,1011,17.7,15,13.8,15.1,6,6,6,6,NA,NA,NA,NA,17/08/2023 09:07,0
17/08/2023 21:00,DCNN,4206,12,1,NCM,556,1011,21.7,14.1,NA,NA,6,6,NA,NA,NA,NA,NA,NA,17/08/2023 21:05,0
18/08/2023 09:00,DCNN,4206,12,1,NCM,556,1011,16.1,13.7,12,13.8,6,6,6,6,NA,NA,NA,NA,18/08/2023 09:08,0
18/08/2023 21:00,DCNN,4206,12,1,NCM,556,1011,20.5,16.1,NA,NA,6,6,NA,NA,NA,NA,NA,NA,18/08/2023 21:05,0
19/08/2023 09:00,DCNN,4206,12,1,NCM,556,1011,19.6,15.9,14.2,14.5,6,6,6,6,NA,NA,NA,NA,19/08/2023 09:07,0
19/08/2023 21:00,DCNN,4206,12,1,NCM,556,1011,23.4,17.3,NA,NA,6,6,NA,NA,NA,NA,NA,NA,19/08/2023 21:05,0
20/08/2023 09:00,DCNN,4206,12,1,NCM,556,1011,18.7,12.3,7.2,9.9,6,6,6,6,NA,NA,NA,NA,20/08/2023 09:08,0
20/08/2023 21:00,DCNN,4206,12,1,NCM,556,1011,23,17.6,NA,NA,6,6,NA,NA,NA,NA,NA,NA,20/08/2023 21:04,0
21/08/2023 09:00,DCNN,4206,12,1,NCM,556,1011,18.5,12.7,6.7,10.7,6,6,6,6,NA,NA,NA,NA,21/08/2023 09:08,0
21/08/2023 21:00,DCNN,4206,12,1,NCM,556,1011,23.2,16.6,NA,NA,6,6,NA,NA,NA,NA,NA,NA,21/08/2023 21:05,0
22/08/2023 09:00,DCNN,4206,12,1,NCM,556,1011,19.1,15.1,13.7,14.2,6,6,6,6,NA,NA,NA,NA,22/08/2023 09:08,0
22/08/2023 21:00,DCNN,4206,12,1,NCM,556,1011,21.9,16,NA,NA,6,6,NA,NA,NA,NA,NA,NA,22/08/2023 21:04,0
23/08/2023 09:00,DCNN,4206,12,1,NCM,556,1011,16,13.2,8.1,12.2,6,6,6,6,NA,NA,NA,NA,23/08/2023 09:06,0
23/08/2023 21:00,DCNN,4206,12,1,NCM,556,1011,23.5,15.2,NA,NA,6,6,NA,NA,NA,NA,NA,NA,23/08/2023 21:05,0
24/08/2023 09:00,DCNN,4206,12,1,NCM,556,1011,19.2,15.7,11.8,15,6,6,6,6,NA,NA,NA,NA,24/08/2023 09:08,0
24/08/2023 21:00,DCNN,4206,12,1,NCM,556,1011,21.2,13.7,NA,NA,6,6,NA,NA,NA,NA,NA,NA,24/08/2023 21:05,0
25/08/2023 09:00,DCNN,4206,12,1,NCM,556,1011,15.5,9.4,4.6,8.2,6,6,6,6,NA,NA,NA,NA,25/08/2023 09:07,0
25/08/2023 21:00,DCNN,4206,12,1,NCM,556,1011,18.1,13.1,NA,NA,6,6,NA,NA,NA,NA,NA,NA,25/08/2023 21:05,0
26/08/2023 09:00,DCNN,4206,12,1,NCM,556,1011,14.7,9.9,5.4,8.9,6,6,6,6,NA,NA,NA,NA,26/08/2023 09:07,0
26/08/2023 21:00,DCNN,4206,12,1,NCM,556,1011,19,12.7,NA,NA,6,6,NA,NA,NA,NA,NA,NA,26/08/2023 21:05,0
27/08/2023 09:00,DCNN,4206,12,1,NCM,556,1011,14.6,9.4,7.7,8.4,6,6,6,6,NA,NA,NA,NA,27/08/2023 09:06,0
27/08/2023 21:00,DCNN,4206,12,1,NCM,556,1011,16.8,12.5,NA,NA,6,6,NA,NA,NA,NA,NA,NA,27/08/2023 21:05,0
28/08/2023 09:00,DCNN,4206,12,1,NCM,556,1011,16.2,9.8,6.9,7.5,6,6,6,6,NA,NA,NA,NA,28/08/2023 09:08,0
28/08/2023 21:00,DCNN,4206,12,1,NCM,556,1011,18.2,13.9,NA,NA,6,6,NA,NA,NA,NA,NA,NA,28/08/2023 21:05,0
29/08/2023 09:00,DCNN,4206,12,1,NCM,556,1011,15.9,12.8,10.4,12.5,6,6,6,6,NA,NA,NA,NA,29/08/2023 09:08,0
29/08/2023 21:00,DCNN,4206,12,1,NCM,556,1011,17.9,11.8,NA,NA,6,6,NA,NA,NA,NA,NA,NA,29/08/2023 21:05,0
30/08/2023 09:00,DCNN,4206,12,1,NCM,556,1011,13.7,9.3,6.1,7.9,6,6,6,6,NA,NA,NA,NA,30/08/2023 09:07,0
30/08/2023 21:00,DCNN,4206,12,1,NCM,556,1011,18.6,12.1,NA,NA,6,6,NA,NA,NA,NA,NA,NA,30/08/2023 21:05,0
31/08/2023 09:00,DCNN,4206,12,1,NCM,556,1011,14.8,8,3.2,6.4,6,6,6,6,NA,NA,NA,NA,31/08/2023 09:07,0
31/08/2023 21:00,DCNN,4206,12,1,NCM,556,1011,19.2,13.5,NA,NA,6,6,NA,NA,NA,NA,NA,NA,31/08/2023 21:03,0
01/09/2023 09:00,DCNN,4206,12,1,NCM,556,1011,14.8,13.2,12.8,14.1,6,6,6,6,NA,NA,NA,NA,01/09/2023 09:08,0
01/09/2023 21:00,DCNN,4206,12,1,NCM,556,1011,19.3,14.7,NA,NA,6,6,NA,NA,NA,NA,NA,NA,01/09/2023 21:05,0
02/09/2023 09:00,DCNN,4206,12,1,NCM,556,1011,17.5,14,11.8,13.1,6,6,6,6,NA,NA,NA,NA,02/09/2023 09:07,0
02/09/2023 21:00,DCNN,4206,12,1,NCM,556,1011,23.6,15.6,NA,NA,6,6,NA,NA,NA,NA,NA,NA,02/09/2023 21:05,0
03/09/2023 09:00,DCNN,4206,12,1,NCM,556,1011,16.5,11.8,6.8,9.9,6,6,6,6,NA,NA,NA,NA,03/09/2023 09:07,0
03/09/2023 21:00,DCNN,4206,12,1,NCM,556,1011,25.3,16.1,NA,NA,6,6,NA,NA,NA,NA,NA,NA,03/09/2023 21:04,0
04/09/2023 09:00,DCNN,4206,12,1,NCM,556,1011,21.4,12,7.5,10.2,6,6,6,6,NA,NA,NA,NA,04/09/2023 09:06,0
04/09/2023 21:00,DCNN,4206,12,1,NCM,556,1011,28.4,19.1,NA,NA,6,6,NA,NA,NA,NA,NA,NA,04/09/2023 21:05,0
05/09/2023 09:00,DCNN,4206,12,1,NCM,556,1011,19.9,12.9,7.6,10.3,6,6,6,6,NA,NA,NA,NA,05/09/2023 09:07,0
05/09/2023 21:00,DCNN,4206,12,1,NCM,556,1011,26.4,17.5,NA,NA,6,6,NA,NA,NA,NA,NA,NA,05/09/2023 21:05,0
06/09/2023 09:00,DCNN,4206,12,1,NCM,556,1011,17.5,14.3,12.6,13.6,6,6,6,6,NA,NA,NA,NA,06/09/2023 09:08,0
06/09/2023 21:00,DCNN,4206,12,1,NCM,556,1011,26.5,15.7,NA,NA,6,6,NA,NA,NA,NA,NA,NA,06/09/2023 21:05,0
07/09/2023 09:00,DCNN,4206,12,1,NCM,556,1011,20.9,16.4,12.9,15.5,6,6,6,6,NA,NA,NA,NA,07/09/2023 09:07,0
07/09/2023 21:00,DCNN,4206,12,1,NCM,556,1011,29.1,18.9,NA,NA,6,6,NA,NA,NA,NA,NA,NA,07/09/2023 21:05,0
08/09/2023 09:00,DCNN,4206,12,1,NCM,556,1011,20.8,14.2,10.3,12.8,6,6,6,6,NA,NA,NA,NA,08/09/2023 09:08,0
08/09/2023 21:00,DCNN,4206,12,1,NCM,556,1011,28.2,20.7,NA,NA,6,6,NA,NA,NA,NA,NA,NA,08/09/2023 21:04,0
09/09/2023 09:00,DCNN,4206,12,1,NCM,556,1011,25.6,17.9,14.3,16,6,6,6,6,NA,NA,NA,NA,09/09/2023 09:06,0
09/09/2023 21:00,DCNN,4206,12,1,NCM,556,1011,30.8,22.5,NA,NA,6,6,NA,NA,NA,NA,NA,NA,09/09/2023 21:05,0
10/09/2023 09:00,DCNN,4206,12,1,NCM,556,1011,22.8,17,13.6,15.5,6,6,6,6,NA,NA,NA,NA,10/09/2023 09:07,0
10/09/2023 21:00,DCNN,4206,12,1,NCM,556,1011,24.9,21.3,NA,NA,6,6,NA,NA,NA,NA,NA,NA,10/09/2023 21:05,0
11/09/2023 09:00,DCNN,4206,12,1,NCM,556,1011,21.5,17.4,15.9,15.7,6,6,6,6,NA,NA,NA,NA,11/09/2023 09:07,0
11/09/2023 21:00,DCNN,4206,12,1,NCM,556,1011,22.3,17.4,NA,NA,6,6,NA,NA,NA,NA,NA,NA,11/09/2023 21:05,0
12/09/2023 09:00,DCNN,4206,12,1,NCM,556,1011,17.4,15,14.9,15.8,6,6,6,6,NA,NA,NA,NA,12/09/2023 09:07,0
12/09/2023 21:00,DCNN,4206,12,1,NCM,556,1011,15.1,12.6,NA,NA,6,6,NA,NA,NA,NA,NA,NA,12/09/2023 21:04,0
13/09/2023 09:00,DCNN,4206,12,1,NCM,556,1011,14.3,9.7,7.4,7.7,6,6,6,6,NA,NA,NA,NA,13/09/2023 09:07,0
13/09/2023 21:00,DCNN,4206,12,1,NCM,556,1011,19.6,13.8,NA,NA,6,6,NA,NA,NA,NA,NA,NA,13/09/2023 21:05,0
14/09/2023 09:00,DCNN,4206,12,1,NCM,556,1011,13.9,12.9,11.8,12.7,6,6,6,6,NA,NA,NA,NA,14/09/2023 09:08,0
14/09/2023 21:00,DCNN,4206,12,1,NCM,556,1011,16.6,13.9,NA,NA,6,6,NA,NA,NA,NA,NA,NA,14/09/2023 21:05,0
15/09/2023 09:00,DCNN,4206,12,1,NCM,556,1011,17.1,12.1,8.2,10.3,6,6,6,6,NA,NA,NA,NA,15/09/2023 09:07,0
15/09/2023 21:00,DCNN,4206,12,1,NCM,556,1011,22.7,16.4,NA,NA,6,6,NA,NA,NA,NA,NA,NA,15/09/2023 21:05,0
16/09/2023 09:00,DCNN,4206,12,1,NCM,556,1011,16.4,13.6,10.2,12.1,6,6,6,6,NA,NA,NA,NA,16/09/2023 09:07,0
16/09/2023 21:00,DCNN,4206,12,1,NCM,556,1011,19.8,14.2,NA,NA,6,6,NA,NA,NA,NA,NA,NA,16/09/2023 21:05,0
17/09/2023 09:00,DCNN,4206,12,1,NCM,556,1011,16.2,14.1,12.8,13.3,6,6,6,6,NA,NA,NA,NA,17/09/2023 09:07,0
17/09/2023 21:00,DCNN,4206,12,1,NCM,556,1011,20.7,16.1,NA,NA,6,6,NA,NA,NA,NA,NA,NA,17/09/2023 21:04,0
18/09/2023 09:00,DCNN,4206,12,1,NCM,556,1011,16.7,14.7,14.4,15,6,6,6,6,NA,NA,NA,NA,18/09/2023 09:06,0
18/09/2023 21:00,DCNN,4206,12,1,NCM,556,1011,18.6,11.4,NA,NA,6,6,NA,NA,NA,NA,NA,NA,18/09/2023 21:05,0
19/09/2023 09:00,DCNN,4206,12,1,NCM,556,1011,14.6,10.6,9.1,9.2,6,6,6,6,NA,NA,NA,NA,19/09/2023 09:07,0
19/09/2023 21:00,DCNN,4206,12,1,NCM,556,1011,18.2,14.6,NA,NA,6,6,NA,NA,NA,NA,NA,NA,19/09/2023 21:05,0
20/09/2023 09:00,DCNN,4206,12,1,NCM,556,1011,16.9,15.2,14.4,14.3,6,6,6,6,NA,NA,NA,NA,20/09/2023 09:07,0
20/09/2023 21:00,DCNN,4206,12,1,NCM,556,1011,16.9,13,NA,NA,6,6,NA,NA,NA,NA,NA,NA,20/09/2023 21:05,0
21/09/2023 09:00,DCNN,4206,12,1,NCM,556,1011,13.1,8.2,4.7,5.9,6,6,6,6,NA,NA,NA,NA,21/09/2023 09:07,0
21/09/2023 21:00,DCNN,4206,12,1,NCM,556,1011,17.9,11.3,NA,NA,6,6,NA,NA,NA,NA,NA,NA,21/09/2023 21:04,0
22/09/2023 09:00,DCNN,4206,12,1,NCM,556,1011,11.5,6.5,2.1,3.9,6,6,6,6,NA,NA,NA,NA,22/09/2023 09:07,0
22/09/2023 21:00,DCNN,4206,12,1,NCM,556,1011,15.7,11.2,NA,NA,6,6,NA,NA,NA,NA,NA,NA,22/09/2023 21:04,0
23/09/2023 09:00,DCNN,4206,12,1,NCM,556,1011,12.2,8.5,6.6,6.8,6,6,6,6,NA,NA,NA,NA,23/09/2023 09:06,0
23/09/2023 21:00,DCNN,4206,12,1,NCM,556,1011,16.6,10.4,NA,NA,6,6,NA,NA,NA,NA,NA,NA,23/09/2023 21:05,0
24/09/2023 09:00,DCNN,4206,12,1,NCM,556,1011,15.5,10.4,6.9,8.9,6,6,6,6,NA,NA,NA,NA,24/09/2023 09:07,0
24/09/2023 21:00,DCNN,4206,12,1,NCM,556,1011,20.3,15.5,NA,NA,6,6,NA,NA,NA,NA,NA,NA,24/09/2023 21:04,0
25/09/2023 09:00,DCNN,4206,12,1,NCM,556,1011,16.9,12.7,11.2,10.9,6,6,6,6,NA,NA,NA,NA,25/09/2023 09:07,0
25/09/2023 21:00,DCNN,4206,12,1,NCM,556,1011,19.6,14,NA,NA,6,6,NA,NA,NA,NA,NA,NA,25/09/2023 21:05,0
26/09/2023 09:00,DCNN,4206,12,1,NCM,556,1011,14,10.4,5.7,7.7,6,6,6,6,NA,NA,NA,NA,26/09/2023 09:07,0
26/09/2023 21:00,DCNN,4206,12,1,NCM,556,1011,19.3,12.2,NA,NA,6,6,NA,NA,NA,NA,NA,NA,26/09/2023 21:05,0
27/09/2023 09:00,DCNN,4206,12,1,NCM,556,1011,14.7,10.6,8.1,9.5,6,6,6,6,NA,NA,NA,NA,27/09/2023 09:07,0
27/09/2023 21:00,DCNN,4206,12,1,NCM,556,1011,18.4,14.7,NA,NA,6,6,NA,NA,NA,NA,NA,NA,27/09/2023 21:05,0
28/09/2023 09:00,DCNN,4206,12,1,NCM,556,1011,16.4,13.6,12.6,12.5,6,6,6,6,NA,NA,NA,NA,28/09/2023 09:07,0
28/09/2023 21:00,DCNN,4206,12,1,NCM,556,1011,16.3,14,NA,NA,6,6,NA,NA,NA,NA,NA,NA,28/09/2023 21:05,0
29/09/2023 09:00,DCNN,4206,12,1,NCM,556,1011,14,11.3,9.2,9.7,6,6,6,6,NA,NA,NA,NA,29/09/2023 09:08,0
29/09/2023 21:00,DCNN,4206,12,1,NCM,556,1011,19,12,NA,NA,6,6,NA,NA,NA,NA,NA,NA,29/09/2023 21:04,0
30/09/2023 09:00,DCNN,4206,12,1,NCM,556,1011,12.4,8.4,4,6.5,6,6,6,6,NA,NA,NA,NA,30/09/2023 09:06,0
30/09/2023 21:00,DCNN,4206,12,1,NCM,556,1011,16.1,11.8,NA,NA,6,6,NA,NA,NA,NA,NA,NA,30/09/2023 21:04,0
01/10/2023 09:00,DCNN,4206,12,1,NCM,556,1011,18,13.2,11.9,13,6,6,6,6,NA,NA,NA,NA,01/10/2023 09:07,0
01/10/2023 21:00,DCNN,4206,12,1,NCM,556,1011,19.4,16.5,NA,NA,6,6,NA,NA,NA,NA,NA,NA,01/10/2023 21:05,0
02/10/2023 09:00,DCNN,4206,12,1,NCM,556,1011,16.5,12.8,11.2,11.3,6,6,6,6,NA,NA,NA,NA,02/10/2023 09:07,0
02/10/2023 21:00,DCNN,4206,12,1,NCM,556,1011,17.8,11.3,NA,NA,6,6,NA,NA,NA,NA,NA,NA,02/10/2023 21:05,0
03/10/2023 09:00,DCNN,4206,12,1,NCM,556,1011,11.9,9.6,8.5,8.9,6,6,6,6,NA,NA,NA,NA,03/10/2023 09:08,0
03/10/2023 21:00,DCNN,4206,12,1,NCM,556,1011,16.6,10.9,NA,NA,6,6,NA,NA,NA,NA,NA,NA,03/10/2023 21:05,0
04/10/2023 09:00,DCNN,4206,12,1,NCM,556,1011,12.5,10.2,8.2,8.1,6,6,6,6,NA,NA,NA,NA,04/10/2023 09:07,0
04/10/2023 21:00,DCNN,4206,12,1,NCM,556,1011,16.6,12.5,NA,NA,6,6,NA,NA,NA,NA,NA,NA,04/10/2023 21:05,0
05/10/2023 09:00,DCNN,4206,12,1,NCM,556,1011,13.6,11.7,10.9,11,6,6,6,6,NA,NA,NA,NA,05/10/2023 09:08,0
05/10/2023 21:00,DCNN,4206,12,1,NCM,556,1011,16.8,13.6,NA,NA,6,6,NA,NA,NA,NA,NA,NA,05/10/2023 21:05,0
06/10/2023 09:00,DCNN,4206,12,1,NCM,556,1011,15.6,13.3,12.6,12.7,6,6,6,6,NA,NA,NA,NA,06/10/2023 09:07,0
06/10/2023 21:00,DCNN,4206,12,1,NCM,556,1011,20.2,15.6,NA,NA,6,6,NA,NA,NA,NA,NA,NA,06/10/2023 21:04,0
07/10/2023 09:00,DCNN,4206,12,1,NCM,556,1011,17.4,14.1,13,12.7,6,6,6,6,NA,NA,NA,NA,07/10/2023 09:07,0
07/10/2023 21:00,DCNN,4206,12,1,NCM,556,1011,21.3,15.6,NA,NA,6,6,NA,NA,NA,NA,NA,NA,07/10/2023 21:04,0
08/10/2023 09:00,DCNN,4206,12,1,NCM,556,1011,17.9,12.3,8.9,10,6,6,6,6,NA,NA,NA,NA,08/10/2023 09:08,0
08/10/2023 21:00,DCNN,4206,12,1,NCM,556,1011,21.8,13.4,NA,NA,6,6,NA,NA,NA,NA,NA,NA,08/10/2023 21:05,0
09/10/2023 09:00,DCNN,4206,12,1,NCM,556,1011,18.2,14.2,13.3,13.5,6,6,6,6,NA,NA,NA,NA,09/10/2023 09:06,0
09/10/2023 21:00,DCNN,4206,12,1,NCM,556,1011,23.3,15.7,NA,NA,6,6,NA,NA,NA,NA,NA,NA,09/10/2023 21:04,0
10/10/2023 09:00,DCNN,4206,12,1,NCM,556,1011,16.2,13.3,9.8,11.8,6,6,6,6,NA,NA,NA,NA,10/10/2023 09:07,0
10/10/2023 21:00,DCNN,4206,12,1,NCM,556,1011,21.3,14.8,NA,NA,6,6,NA,NA,NA,NA,NA,NA,10/10/2023 21:04,0
11/10/2023 09:00,DCNN,4206,12,1,NCM,556,1011,17,15.3,14.2,13.7,6,6,6,6,NA,NA,NA,NA,11/10/2023 09:07,0
11/10/2023 21:00,DCNN,4206,12,1,NCM,556,1011,17.7,10.2,NA,NA,6,6,NA,NA,NA,NA,NA,NA,11/10/2023 21:05,0
12/10/2023 09:00,DCNN,4206,12,1,NCM,556,1011,10.3,6.5,3.9,6.2,6,6,6,6,NA,NA,NA,NA,12/10/2023 09:08,0
12/10/2023 21:00,DCNN,4206,12,1,NCM,556,1011,13.6,8.8,NA,NA,6,6,NA,NA,NA,NA,NA,NA,12/10/2023 21:05,0
13/10/2023 09:00,DCNN,4206,12,1,NCM,556,1011,14.6,11.2,7.3,10.2,6,6,6,6,NA,NA,NA,NA,13/10/2023 09:07,0
13/10/2023 21:00,DCNN,4206,12,1,NCM,556,1011,15.6,7.3,NA,NA,6,6,NA,NA,NA,NA,NA,NA,13/10/2023 21:05,0
14/10/2023 09:00,DCNN,4206,12,1,NCM,556,1011,8.5,6.3,4.7,4.6,6,6,6,6,NA,NA,NA,NA,14/10/2023 09:08,0
14/10/2023 21:00,DCNN,4206,12,1,NCM,556,1011,12.5,4.6,NA,NA,6,6,NA,NA,NA,NA,NA,NA,14/10/2023 21:05,0
15/10/2023 09:00,DCNN,4206,12,1,NCM,556,1011,5.6,2.1,-2.2,-0.4,6,6,6,6,NA,NA,NA,NA,15/10/2023 09:08,0
15/10/2023 21:00,DCNN,4206,12,1,NCM,556,1011,11.9,5.2,NA,NA,6,6,NA,NA,NA,NA,NA,NA,15/10/2023 21:04,0
16/10/2023 09:00,DCNN,4206,12,1,NCM,556,1011,5.9,2.3,-2.1,0.6,6,6,6,6,NA,NA,NA,NA,16/10/2023 09:08,0
16/10/2023 21:00,DCNN,4206,12,1,NCM,556,1011,10.9,5.9,NA,NA,6,6,NA,NA,NA,NA,NA,NA,16/10/2023 21:04,0
17/10/2023 09:00,DCNN,4206,12,1,NCM,556,1011,9.4,5.7,2.1,3.9,6,6,6,6,NA,NA,NA,NA,17/10/2023 09:07,0
17/10/2023 21:00,DCNN,4206,12,1,NCM,556,1011,14,9.1,NA,NA,6,6,NA,NA,NA,NA,NA,NA,17/10/2023 21:05,0
18/10/2023 09:00,DCNN,4206,12,1,NCM,556,1011,11.3,8.9,7.7,7.6,6,6,6,6,NA,NA,NA,NA,18/10/2023 09:07,0
18/10/2023 21:00,DCNN,4206,12,1,NCM,556,1011,14.5,11.2,NA,NA,6,6,NA,NA,NA,NA,NA,NA,18/10/2023 21:05,0
19/10/2023 09:00,DCNN,4206,12,1,NCM,556,1011,14.5,11.8,11.2,11.5,6,6,6,6,NA,NA,NA,NA,19/10/2023 09:07,0
19/10/2023 21:00,DCNN,4206,12,1,NCM,556,1011,18.5,14.4,NA,NA,6,6,NA,NA,NA,NA,NA,NA,19/10/2023 21:05,0
20/10/2023 09:00,DCNN,4206,12,1,NCM,556,1011,14.4,11.9,11.6,11.9,6,6,6,6,NA,NA,NA,NA,20/10/2023 09:09,0
20/10/2023 21:00,DCNN,4206,12,1,NCM,556,1011,12,9.6,NA,NA,6,6,NA,NA,NA,NA,NA,NA,20/10/2023 21:04,0
21/10/2023 09:00,DCNN,4206,12,1,NCM,556,1011,9.6,8.4,8,8.8,6,6,6,6,NA,NA,NA,NA,21/10/2023 09:07,0
21/10/2023 21:00,DCNN,4206,12,1,NCM,556,1011,11.2,6.4,NA,NA,6,6,NA,NA,NA,NA,NA,NA,21/10/2023 21:04,0
22/10/2023 09:00,DCNN,4206,12,1,NCM,556,1011,7.4,4.4,1.1,2.4,6,6,6,6,NA,NA,NA,NA,22/10/2023 09:08,0
22/10/2023 21:00,DCNN,4206,12,1,NCM,556,1011,12.7,6.7,NA,NA,6,6,NA,NA,NA,NA,NA,NA,22/10/2023 21:06,0
23/10/2023 09:00,DCNN,4206,12,1,NCM,556,1011,9.9,4.3,-0.3,1.8,6,6,6,6,NA,NA,NA,NA,23/10/2023 09:09,0
23/10/2023 21:00,DCNN,4206,12,1,NCM,556,1011,13,8.2,NA,NA,6,6,NA,NA,NA,NA,NA,NA,23/10/2023 21:05,0
24/10/2023 09:00,DCNN,4206,12,1,NCM,556,1011,10.7,9.4,9,9.1,6,6,6,6,NA,NA,NA,NA,24/10/2023 09:07,0
24/10/2023 21:00,DCNN,4206,12,1,NCM,556,1011,12,6.7,NA,NA,6,6,NA,NA,NA,NA,NA,NA,24/10/2023 21:05,0
25/10/2023 09:00,DCNN,4206,12,1,NCM,556,1011,7.9,5,0.5,3.1,6,6,6,6,NA,NA,NA,NA,25/10/2023 09:07,0
25/10/2023 21:00,DCNN,4206,12,1,NCM,556,1011,12.6,6.4,NA,NA,6,6,NA,NA,NA,NA,NA,NA,25/10/2023 22:00,180
26/10/2023 09:00,DCNN,4206,12,1,NCM,556,1011,8.8,5.4,2.7,3.6,6,6,6,6,NA,NA,NA,NA,26/10/2023 09:07,0
26/10/2023 21:00,DCNN,4206,12,1,NCM,556,1011,12.3,6.3,NA,NA,6,6,NA,NA,NA,NA,NA,NA,26/10/2023 21:05,0
27/10/2023 09:00,DCNN,4206,12,1,NCM,556,1011,8.3,5.5,1.4,2.4,6,6,6,6,NA,NA,NA,NA,27/10/2023 09:06,0
27/10/2023 21:00,DCNN,4206,12,1,NCM,556,1011,10.2,7.1,NA,NA,6,6,NA,NA,NA,NA,NA,NA,27/10/2023 21:03,0
28/10/2023 09:00,DCNN,4206,12,1,NCM,556,1011,8.5,4.5,0.3,1.7,6,6,6,6,NA,NA,NA,NA,28/10/2023 09:06,0
28/10/2023 21:00,DCNN,4206,12,1,NCM,556,1011,14.3,8.5,NA,NA,6,6,NA,NA,NA,NA,NA,NA,28/10/2023 21:04,0
29/10/2023 09:00,DCNN,4206,12,1,NCM,556,1011,11,8.4,7.2,7.2,6,6,6,6,NA,NA,NA,NA,29/10/2023 09:05,0
29/10/2023 21:00,DCNN,4206,12,1,NCM,556,1011,14.1,9.1,NA,NA,6,6,NA,NA,NA,NA,NA,NA,29/10/2023 21:04,0
30/10/2023 09:00,DCNN,4206,12,1,NCM,556,1011,9.2,7,3.3,4.4,6,6,6,6,NA,NA,NA,NA,30/10/2023 09:06,0
30/10/2023 21:00,DCNN,4206,12,1,NCM,556,1011,13,9.2,NA,NA,6,6,NA,NA,NA,NA,NA,NA,30/10/2023 21:05,0
31/10/2023 09:00,DCNN,4206,12,1,NCM,556,1011,9.2,8.3,8.1,8.3,6,6,6,6,NA,NA,NA,NA,31/10/2023 09:06,0
31/10/2023 21:00,DCNN,4206,12,1,NCM,556,1011,12,7.1,NA,NA,6,6,NA,NA,NA,NA,NA,NA,31/10/2023 21:04,0
01/11/2023 09:00,DCNN,4206,12,1,NCM,556,1011,12.3,8.5,3.6,4.9,6,6,6,6,NA,NA,NA,NA,01/11/2023 09:06,0
01/11/2023 21:00,DCNN,4206,12,1,NCM,556,1011,13.5,6.9,NA,NA,6,6,NA,NA,NA,NA,NA,NA,01/11/2023 21:04,0
02/11/2023 09:00,DCNN,4206,12,1,NCM,556,1011,9.7,6.8,4.8,5,6,6,6,6,NA,NA,NA,NA,02/11/2023 09:05,0
02/11/2023 21:00,DCNN,4206,12,1,NCM,556,1011,11.5,9,NA,NA,6,6,NA,NA,NA,NA,NA,NA,02/11/2023 21:04,0
03/11/2023 09:00,DCNN,4206,12,1,NCM,556,1011,9.4,6.5,4.9,4.7,6,6,6,6,NA,NA,NA,NA,03/11/2023 09:04,0
03/11/2023 21:00,DCNN,4206,12,1,NCM,556,1011,12.3,7.8,NA,NA,6,6,NA,NA,NA,NA,NA,NA,03/11/2023 21:04,0
04/11/2023 09:00,DCNN,4206,12,1,NCM,556,1011,8.1,3.9,0.6,1.6,6,6,6,6,NA,NA,NA,NA,04/11/2023 09:05,0
04/11/2023 21:00,DCNN,4206,12,1,NCM,556,1011,7.8,5.4,NA,NA,6,6,NA,NA,NA,NA,NA,NA,04/11/2023 21:04,0
05/11/2023 09:00,DCNN,4206,12,1,NCM,556,1011,8.1,7.2,5.7,5.6,6,6,6,6,NA,NA,NA,NA,05/11/2023 09:06,0
05/11/2023 21:00,DCNN,4206,12,1,NCM,556,1011,11,6.4,NA,NA,6,6,NA,NA,NA,NA,NA,NA,05/11/2023 21:03,0
06/11/2023 09:00,DCNN,4206,12,1,NCM,556,1011,7,5.1,0.8,1.9,6,6,6,6,NA,NA,NA,NA,06/11/2023 09:05,0
06/11/2023 21:00,DCNN,4206,12,1,NCM,556,1011,12.1,7,NA,NA,6,6,NA,NA,NA,NA,NA,NA,06/11/2023 21:04,0
07/11/2023 09:00,DCNN,4206,12,1,NCM,556,1011,7.2,4.6,1.4,1.3,6,6,6,6,NA,NA,NA,NA,07/11/2023 09:05,0
07/11/2023 21:00,DCNN,4206,12,1,NCM,556,1011,12.1,6.6,NA,NA,6,6,NA,NA,NA,NA,NA,NA,07/11/2023 21:05,0
08/11/2023 09:00,DCNN,4206,12,1,NCM,556,1011,9.5,5.6,3.4,3.4,6,6,6,6,NA,NA,NA,NA,08/11/2023 09:06,0
08/11/2023 21:00,DCNN,4206,12,1,NCM,556,1011,11.3,5.5,NA,NA,6,6,NA,NA,NA,NA,NA,NA,08/11/2023 21:04,0
09/11/2023 09:00,DCNN,4206,12,1,NCM,556,1011,6.6,5.3,3.3,3.5,6,6,6,6,NA,NA,NA,NA,09/11/2023 09:06,0
09/11/2023 21:00,DCNN,4206,12,1,NCM,556,1011,9.5,5.8,NA,NA,6,6,NA,NA,NA,NA,NA,NA,09/11/2023 21:04,0
10/11/2023 09:00,DCNN,4206,12,1,NCM,556,1011,6.5,3,-1,-0.2,6,6,6,6,NA,NA,NA,NA,10/11/2023 09:05,0
10/11/2023 21:00,DCNN,4206,12,1,NCM,556,1011,9.8,3.8,NA,NA,6,6,NA,NA,NA,NA,NA,NA,10/11/2023 21:05,0
11/11/2023 09:00,DCNN,4206,12,1,NCM,556,1011,4.9,2.1,-1.3,-1.1,6,6,6,6,NA,NA,NA,NA,11/11/2023 09:06,0
11/11/2023 21:00,DCNN,4206,12,1,NCM,556,1011,10.7,3.2,NA,NA,6,6,NA,NA,NA,NA,NA,NA,11/11/2023 21:04,0
12/11/2023 09:00,DCNN,4206,12,1,NCM,556,1011,5.1,1,-4.1,-2.9,6,6,6,6,NA,NA,NA,NA,12/11/2023 09:05,0
12/11/2023 21:00,DCNN,4206,12,1,NCM,556,1011,7.8,3.3,NA,NA,6,6,NA,NA,NA,NA,NA,NA,12/11/2023 21:04,0
13/11/2023 09:00,DCNN,4206,12,1,NCM,556,1011,10.6,7.1,5.6,6.2,6,6,6,6,NA,NA,NA,NA,13/11/2023 09:05,0
13/11/2023 21:00,DCNN,4206,12,1,NCM,556,1011,13.2,10.3,NA,NA,6,6,NA,NA,NA,NA,NA,NA,13/11/2023 21:04,0
14/11/2023 09:00,DCNN,4206,12,1,NCM,556,1011,10.9,8.5,6.1,5.8,6,6,6,6,NA,NA,NA,NA,14/11/2023 09:07,0
14/11/2023 21:00,DCNN,4206,12,1,NCM,556,1011,11.4,8.7,NA,NA,6,6,NA,NA,NA,NA,NA,NA,14/11/2023 21:04,0
15/11/2023 09:00,DCNN,4206,12,1,NCM,556,1011,8.9,7.4,5.3,5.2,6,6,6,6,NA,NA,NA,NA,15/11/2023 09:06,0
15/11/2023 21:00,DCNN,4206,12,1,NCM,556,1011,10.5,6.8,NA,NA,6,6,NA,NA,NA,NA,NA,NA,15/11/2023 21:07,0
16/11/2023 09:00,DCNN,4206,12,1,NCM,556,1011,6.8,2.8,-0.7,0.5,6,6,6,6,NA,NA,NA,NA,16/11/2023 09:05,0
16/11/2023 21:00,DCNN,4206,12,1,NCM,556,1011,7.5,4.9,NA,NA,6,6,NA,NA,NA,NA,NA,NA,16/11/2023 21:05,0
17/11/2023 09:00,DCNN,4206,12,1,NCM,556,1011,5.7,2.5,-1.9,-0.7,6,6,6,6,NA,NA,NA,NA,17/11/2023 09:05,0
17/11/2023 21:00,DCNN,4206,12,1,NCM,556,1011,9.7,3.9,NA,NA,6,6,NA,NA,NA,NA,NA,NA,17/11/2023 21:04,0
18/11/2023 09:00,DCNN,4206,12,1,NCM,556,1011,10.7,6.3,4.3,4.3,6,6,6,6,NA,NA,NA,NA,18/11/2023 09:06,0
18/11/2023 21:00,DCNN,4206,12,1,NCM,556,1011,13.9,10.7,NA,NA,6,6,NA,NA,NA,NA,NA,NA,18/11/2023 21:04,0
19/11/2023 09:00,DCNN,4206,12,1,NCM,556,1011,11.5,10.3,8.3,8,6,6,6,6,NA,NA,NA,NA,19/11/2023 09:05,0
19/11/2023 21:00,DCNN,4206,12,1,NCM,556,1011,12.8,10.8,NA,NA,6,6,NA,NA,NA,NA,NA,NA,19/11/2023 21:04,0
20/11/2023 09:00,DCNN,4206,12,1,NCM,556,1011,10.8,7.3,5.1,5.1,6,6,6,6,NA,NA,NA,NA,20/11/2023 09:05,0
20/11/2023 21:00,DCNN,4206,12,1,NCM,556,1011,11.6,7.3,NA,NA,6,6,NA,NA,NA,NA,NA,NA,20/11/2023 21:04,0
21/11/2023 09:00,DCNN,4206,12,1,NCM,556,1011,10.1,8.1,7.7,7.8,6,6,6,6,NA,NA,NA,NA,21/11/2023 09:05,0
21/11/2023 21:00,DCNN,4206,12,1,NCM,556,1011,9.9,5.5,NA,NA,6,6,NA,NA,NA,NA,NA,NA,21/11/2023 21:05,0
22/11/2023 09:00,DCNN,4206,12,1,NCM,556,1011,6.5,4.7,0.2,1.6,6,6,6,6,NA,NA,NA,NA,22/11/2023 09:05,0
22/11/2023 21:00,DCNN,4206,12,1,NCM,556,1011,11.6,6.4,NA,NA,6,6,NA,NA,NA,NA,NA,NA,22/11/2023 21:04,0
23/11/2023 09:00,DCNN,4206,12,1,NCM,556,1011,12.4,10.6,9.1,9,6,6,6,6,NA,NA,NA,NA,23/11/2023 09:05,0
23/11/2023 21:00,DCNN,4206,12,1,NCM,556,1011,13.1,9.4,NA,NA,6,6,NA,NA,NA,NA,NA,NA,23/11/2023 21:03,0
24/11/2023 09:00,DCNN,4206,12,1,NCM,556,1011,9.6,5.4,3.4,3.3,6,6,6,6,NA,NA,NA,NA,24/11/2023 09:05,0
24/11/2023 21:00,DCNN,4206,12,1,NCM,556,1011,6.7,1.6,NA,NA,6,6,NA,NA,NA,NA,NA,NA,24/11/2023 21:03,0
25/11/2023 09:00,DCNN,4206,12,1,NCM,556,1011,2,-1,-5.5,-4.9,6,6,6,6,NA,NA,NA,NA,25/11/2023 09:05,0
25/11/2023 21:00,DCNN,4206,12,1,NCM,556,1011,6.7,-0.2,NA,NA,6,6,NA,NA,NA,NA,NA,NA,25/11/2023 21:04,0
26/11/2023 09:00,DCNN,4206,12,1,NCM,556,1011,0.9,-1.1,-4.8,-3.5,6,6,6,6,NA,NA,NA,NA,26/11/2023 09:04,0
26/11/2023 21:00,DCNN,4206,12,1,NCM,556,1011,4,0,NA,NA,6,6,NA,NA,NA,NA,NA,NA,26/11/2023 21:03,0
27/11/2023 09:00,DCNN,4206,12,1,NCM,556,1011,4.7,3.7,3.6,3.9,6,6,6,6,NA,NA,NA,NA,27/11/2023 09:05,0
27/11/2023 21:00,DCNN,4206,12,1,NCM,556,1011,5.2,3.4,NA,NA,6,6,NA,NA,NA,NA,NA,NA,27/11/2023 21:05,0
28/11/2023 09:00,DCNN,4206,12,1,NCM,556,1011,5.2,2.6,0,0.5,6,6,6,6,NA,NA,NA,NA,28/11/2023 09:06,0
28/11/2023 21:00,DCNN,4206,12,1,NCM,556,1011,6.8,1.9,NA,NA,6,6,NA,NA,NA,NA,NA,NA,28/11/2023 21:06,0
29/11/2023 09:00,DCNN,4206,12,1,NCM,556,1011,2.1,-1.7,-5.7,-5,6,6,6,6,NA,NA,NA,NA,29/11/2023 09:06,0
29/11/2023 21:00,DCNN,4206,12,1,NCM,556,1022,3.5,-2.4,NA,NA,2006,2006,NA,NA,NA,NA,NA,NA,30/11/2023 10:24,0
30/11/2023 09:00,DCNN,4206,12,1,NCM,556,1011,0.5,-2.5,-8,-6.8,6,6,6,6,NA,NA,NA,NA,30/11/2023 09:06,0
30/11/2023 21:00,DCNN,4206,12,1,NCM,556,1011,4,-0.5,NA,NA,6,6,NA,NA,NA,NA,NA,NA,30/11/2023 21:05,0
01/12/2023 09:00,DCNN,4206,12,1,NCM,556,1011,-0.2,-1.9,-7,-5.5,6,6,6,6,NA,NA,NA,NA,01/12/2023 09:06,0
01/12/2023 21:00,DCNN,4206,12,1,NCM,556,1011,1.1,-1.2,NA,NA,6,6,NA,NA,NA,NA,NA,NA,01/12/2023 21:08,0
02/12/2023 09:00,DCNN,4206,12,1,NCM,556,1011,-1.1,-5.8,-9,-7.1,6,6,6,6,NA,NA,NA,NA,02/12/2023 09:05,0
02/12/2023 21:00,DCNN,4206,12,1,NCM,556,1011,-1.5,-4.7,NA,NA,6,6,NA,NA,NA,NA,NA,NA,02/12/2023 21:04,0
03/12/2023 09:00,DCNN,4206,12,1,NCM,556,1011,0.6,-2,-3.1,-2.6,6,6,6,6,NA,NA,NA,NA,03/12/2023 09:07,0
03/12/2023 21:00,DCNN,4206,12,1,NCM,556,1011,1.5,0.5,NA,NA,6,6,NA,NA,NA,NA,NA,NA,03/12/2023 21:07,0
04/12/2023 09:00,DCNN,4206,12,1,NCM,556,1011,3.3,0.5,-0.1,0,6,6,6,6,NA,NA,NA,NA,04/12/2023 09:06,0
04/12/2023 21:00,DCNN,4206,12,1,NCM,556,1011,4.2,3.1,NA,NA,6,6,NA,NA,NA,NA,NA,NA,04/12/2023 21:05,0
05/12/2023 09:00,DCNN,4206,12,1,NCM,556,1011,4.7,3.9,3.6,3.8,6,6,6,6,NA,NA,NA,NA,05/12/2023 09:06,0
05/12/2023 21:00,DCNN,4206,12,1,NCM,556,1011,5.4,2.1,NA,NA,6,6,NA,NA,NA,NA,NA,NA,05/12/2023 21:01,240
06/12/2023 09:00,DCNN,4206,12,1,NCM,556,1011,2.2,-2.4,-8.9,-6.4,6,6,6,6,NA,NA,NA,NA,06/12/2023 09:05,0
06/12/2023 21:00,DCNN,4206,12,1,NCM,556,1011,4.8,-1.9,NA,NA,6,6,NA,NA,NA,NA,NA,NA,06/12/2023 21:04,0
07/12/2023 09:00,DCNN,4206,12,1,NCM,556,1011,5.2,1.7,-2.9,-2.6,6,6,6,6,NA,NA,NA,NA,07/12/2023 09:05,0
07/12/2023 21:00,DCNN,4206,12,1,NCM,556,1011,6,5.1,NA,NA,6,6,NA,NA,NA,NA,NA,NA,07/12/2023 21:04,0
08/12/2023 09:00,DCNN,4206,12,1,NCM,556,1011,6.8,5.4,4,3.9,6,6,6,6,NA,NA,NA,NA,08/12/2023 09:06,0
08/12/2023 21:00,DCNN,4206,12,1,NCM,556,1011,8.8,5.9,NA,NA,6,6,NA,NA,NA,NA,NA,NA,14/12/2023 13:03,NA
09/12/2023 09:00,DCNN,4206,12,1,NCM,556,1011,7.9,5.6,3.2,2.7,6,6,6,6,NA,NA,NA,NA,09/12/2023 09:05,0
09/12/2023 21:00,DCNN,4206,12,1,NCM,556,1011,11.1,7.6,NA,NA,6,6,NA,NA,NA,NA,NA,NA,09/12/2023 21:03,0
10/12/2023 09:00,DCNN,4206,12,1,NCM,556,1011,9,5.3,3.3,3,6,6,6,6,NA,NA,NA,NA,10/12/2023 09:05,0
10/12/2023 21:00,DCNN,4206,12,1,NCM,556,1011,9,5.8,NA,NA,6,6,NA,NA,NA,NA,NA,NA,10/12/2023 21:03,0
11/12/2023 09:00,DCNN,4206,12,1,NCM,556,1011,10.2,7.5,5.7,5.3,6,6,6,6,NA,NA,NA,NA,11/12/2023 09:08,0
11/12/2023 21:00,DCNN,4206,12,1,NCM,556,1011,10,4,NA,NA,6,6,NA,NA,NA,NA,NA,NA,11/12/2023 21:04,0
12/12/2023 09:00,DCNN,4206,12,1,NCM,556,1011,7.8,3.8,-1.6,-0.1,6,6,6,6,NA,NA,NA,NA,12/12/2023 09:05,0
12/12/2023 21:00,DCNN,4206,12,1,NCM,556,1011,8.6,6.5,NA,NA,6,6,NA,NA,NA,NA,NA,NA,12/12/2023 21:03,0
13/12/2023 09:00,DCNN,4206,12,1,NCM,556,1011,7.4,5.7,2.7,3.5,6,6,6,6,NA,NA,NA,NA,13/12/2023 09:05,0
13/12/2023 21:00,DCNN,4206,12,1,NCM,556,1011,5.9,2.1,NA,NA,6,6,NA,NA,NA,NA,NA,NA,13/12/2023 21:03,0
14/12/2023 09:00,DCNN,4206,12,1,NCM,556,1011,3,0.3,-2.5,-2.1,6,6,6,6,NA,NA,NA,NA,14/12/2023 09:04,0
14/12/2023 21:00,DCNN,4206,12,1,NCM,556,1011,7.2,3,NA,NA,6,6,NA,NA,NA,NA,NA,NA,14/12/2023 21:02,0
15/12/2023 09:00,DCNN,4206,12,1,NCM,556,1011,6.9,5.9,3.5,4,6,6,6,6,NA,NA,NA,NA,15/12/2023 09:04,0
15/12/2023 21:00,DCNN,4206,12,1,NCM,556,1011,8.6,6.4,NA,NA,6,6,NA,NA,NA,NA,NA,NA,15/12/2023 21:03,0
16/12/2023 09:00,DCNN,4206,12,1,NCM,556,1011,9.3,8.1,5,4.6,6,6,6,6,NA,NA,NA,NA,16/12/2023 09:04,0
16/12/2023 21:00,DCNN,4206,12,1,NCM,556,1011,11.6,8.2,NA,NA,6,6,NA,NA,NA,NA,NA,NA,16/12/2023 21:03,0
17/12/2023 09:00,DCNN,4206,12,1,NCM,556,1011,9.5,7.9,5.8,5.4,6,6,6,6,NA,NA,NA,NA,17/12/2023 09:04,0
17/12/2023 21:00,DCNN,4206,12,1,NCM,556,1011,10.6,8.4,NA,NA,6,6,NA,NA,NA,NA,NA,NA,17/12/2023 21:03,0
18/12/2023 09:00,DCNN,4206,12,1,NCM,556,1011,10.5,9.3,8.2,7.9,6,6,6,6,NA,NA,NA,NA,18/12/2023 09:04,0
18/12/2023 21:00,DCNN,4206,12,1,NCM,556,1011,12.4,9.9,NA,NA,6,6,NA,NA,NA,NA,NA,NA,18/12/2023 21:03,0
19/12/2023 09:00,DCNN,4206,12,1,NCM,556,1011,11.7,8.5,7.7,7.9,6,6,6,6,NA,NA,NA,NA,19/12/2023 09:05,0
19/12/2023 21:00,DCNN,4206,12,1,NCM,556,1011,8.9,6,NA,NA,6,6,NA,NA,NA,NA,NA,NA,19/12/2023 21:03,0
20/12/2023 09:00,DCNN,4206,12,1,NCM,556,1011,8.4,5.9,4.1,4.1,6,6,6,6,NA,NA,NA,NA,20/12/2023 09:04,0
20/12/2023 21:00,DCNN,4206,12,1,NCM,556,1011,10.7,7.5,NA,NA,6,6,NA,NA,NA,NA,NA,NA,20/12/2023 21:03,0
21/12/2023 09:00,DCNN,4206,12,1,NCM,556,1011,12.5,9.4,8.7,8.7,6,6,6,6,NA,NA,NA,NA,21/12/2023 09:04,0
21/12/2023 21:00,DCNN,4206,12,1,NCM,556,1011,12.3,8.8,NA,NA,6,6,NA,NA,NA,NA,NA,NA,21/12/2023 21:03,0
22/12/2023 09:00,DCNN,4206,12,1,NCM,556,1011,10.1,8,6.2,6.2,6,6,6,6,NA,NA,NA,NA,22/12/2023 09:04,0
22/12/2023 21:00,DCNN,4206,12,1,NCM,556,1011,10.4,8.8,NA,NA,6,6,NA,NA,NA,NA,NA,NA,22/12/2023 21:03,0
23/12/2023 09:00,DCNN,4206,12,1,NCM,556,1011,9.9,8.3,7.1,6.8,6,6,6,6,NA,NA,NA,NA,23/12/2023 09:04,0
23/12/2023 21:00,DCNN,4206,12,1,NCM,556,1011,11,8.5,NA,NA,6,6,NA,NA,NA,NA,NA,NA,23/12/2023 21:03,0
24/12/2023 09:00,DCNN,4206,12,1,NCM,556,1011,13.1,9.2,8.6,8.4,6,6,6,6,NA,NA,NA,NA,24/12/2023 09:04,0
24/12/2023 21:00,DCNN,4206,12,1,NCM,556,1011,13.5,10.7,NA,NA,6,6,NA,NA,NA,NA,NA,NA,24/12/2023 21:03,0
25/12/2023 09:00,DCNN,4206,12,1,NCM,556,1011,10.9,8.6,6.8,6.4,6,6,6,6,NA,NA,NA,NA,25/12/2023 09:04,0
25/12/2023 21:00,DCNN,4206,12,1,NCM,556,1011,10.6,8.9,NA,NA,6,6,NA,NA,NA,NA,NA,NA,25/12/2023 21:03,0
26/12/2023 09:00,DCNN,4206,12,1,NCM,556,1011,9.1,6.1,3.5,2.8,6,6,6,6,NA,NA,NA,NA,26/12/2023 09:04,0
26/12/2023 21:00,DCNN,4206,12,1,NCM,556,1011,7.9,3,NA,NA,6,6,NA,NA,NA,NA,NA,NA,26/12/2023 21:03,0
27/12/2023 09:00,DCNN,4206,12,1,NCM,556,1011,8.6,3.1,-0.4,0.8,6,6,6,6,NA,NA,NA,NA,27/12/2023 09:04,0
27/12/2023 21:00,DCNN,4206,12,1,NCM,556,1011,11.9,7.9,NA,NA,6,6,NA,NA,NA,NA,NA,NA,27/12/2023 21:03,0
28/12/2023 09:00,DCNN,4206,12,1,NCM,556,1011,9.8,7.1,5.4,5.2,6,6,6,6,NA,NA,NA,NA,28/12/2023 09:04,0
28/12/2023 21:00,DCNN,4206,12,1,NCM,556,1011,9.5,6,NA,NA,6,6,NA,NA,NA,NA,NA,NA,28/12/2023 21:03,0
29/12/2023 09:00,DCNN,4206,12,1,NCM,556,1011,8.9,5.8,3.4,2.9,6,6,6,6,NA,NA,NA,NA,29/12/2023 09:04,0
29/12/2023 21:00,DCNN,4206,12,1,NCM,556,1011,7.6,4.2,NA,NA,6,6,NA,NA,NA,NA,NA,NA,29/12/2023 21:03,0
30/12/2023 09:00,DCNN,4206,12,1,NCM,556,1011,4.8,1.6,-1.4,-1.2,6,6,6,6,NA,NA,NA,NA,30/12/2023 09:04,0
30/12/2023 21:00,DCNN,4206,12,1,NCM,556,1011,10.9,4.1,NA,NA,6,6,NA,NA,NA,NA,NA,NA,30/12/2023 21:03,0
31/12/2023 09:00,DCNN,4206,12,1,NCM,556,1011,8.4,4.6,3.1,3.2,6,6,6,6,NA,NA,NA,NA,31/12/2023 09:04,0
31/12/2023 21:00,DCNN,4206,12,1,NCM,556,1011,7.6,4.9,NA,NA,6,6,NA,NA,NA,NA,NA,NA,31/12/2023 21:03,0
end data,,,,,,,,,,,,,,,,,,,,,
